7e645493-0898-5501-8155-e8578b4f5224,47,NAIROBI CITY,266923cb-5d3b-55bc-ba48-385674506c21,274,WESTLANDS,8f2f387f-fb8f-52d8-8707-eaa4d0c68f03,1366,KITISURU,2f432745-c20a-5cea-8b71-ed9e6a647771,1,KABETE VETLAB PRIMARY SCHOOL
7e645493-0898-5501-8155-e8578b4f5224,47,NAIROBI CITY,266923cb-5d3b-55bc-ba48-385674506c21,274,WESTLANDS,8f2f387f-fb8f-52d8-8707-eaa4d0c68f03,1366,KITISURU,86e8ef39-a1c9-5b71-bd12-c9c3bc80ffab,2,ST MARTIN S SCHOOL KIBAGARE
7e645493-0898-5501-8155-e8578b4f5224,47,NAIROBI CITY,266923cb-5d3b-55bc-ba48-385674506c21,274,WESTLANDS,8f2f387f-fb8f-52d8-8707-eaa4d0c68f03,1366,KITISURU,930bf3bd-326c-53b2-9869-32f37cd2dd1e,3,LORESHO PRIMARY SCHOOL
7e645493-0898-5501-8155-e8578b4f5224,47,NAIROBI CITY,266923cb-5d3b-55bc-ba48-385674506c21,274,WESTLANDS,8f2f387f-fb8f-52d8-8707-eaa4d0c68f03,1366,KITISURU,21ea8088-6c62-5231-ada9-3571da82b78c,4,FARASI LANE PRIMARY SCHOOL
7e645493-0898-5501-8155-e8578b4f5224,47,NAIROBI CITY,266923cb-5d3b-55bc-ba48-385674506c21,274,WESTLANDS,8f2f387f-fb8f-52d8-8707-eaa4d0c68f03,1366,KITISURU,2a314042-c7af-5fec-89ee-347f7dd43531,5,LOWER KABETE PRIMARY SCHOOL
7e645493-0898-5501-8155-e8578b4f5224,47,NAIROBI CITY,266923cb-5d3b-55bc-ba48-385674506c21,274,WESTLANDS,8f2f387f-fb8f-52d8-8707-eaa4d0c68f03,1366,KITISURU,75a13f28-0bf2-5060-96a0-b32e72a97481,6,KABETE REHABILITATION CENTRE
7e645493-0898-5501-8155-e8578b4f5224,47,NAIROBI CITY,266923cb-5d3b-55bc-ba48-385674506c21,274,WESTLANDS,f44cccf3-022f-5ebf-9c85-47a457fe4773,1367,PARKLANDS/HIGHRIDGE,4c0c60fe-607e-51ed-8b49-86962d68fdc0,7,MUGUGA GREEN PRIMARY SCHOOL
7e645493-0898-5501-8155-e8578b4f5224,47,NAIROBI CITY,266923cb-5d3b-55bc-ba48-385674506c21,274,WESTLANDS,f44cccf3-022f-5ebf-9c85-47a457fe4773,1367,PARKLANDS/HIGHRIDGE,fc1e57d8-babc-5918-9352-ae7b9cb806cb,8,BHORA PRIMARY SCHOOL
7e645493-0898-5501-8155-e8578b4f5224,47,NAIROBI CITY,266923cb-5d3b-55bc-ba48-385674506c21,274,WESTLANDS,f44cccf3-022f-5ebf-9c85-47a457fe4773,1367,PARKLANDS/HIGHRIDGE,17e3e01a-ae32-5b12-b298-4508663b29f2,9,WESTLANDS PRIMARY SCHOOL
7e645493-0898-5501-8155-e8578b4f5224,47,NAIROBI CITY,266923cb-5d3b-55bc-ba48-385674506c21,274,WESTLANDS,f44cccf3-022f-5ebf-9c85-47a457fe4773,1367,PARKLANDS/HIGHRIDGE,626a1ce5-d744-5c9e-b90b-9536b9ca3685,10,VISA OSHWAL PRIMARY SCHOOL
7e645493-0898-5501-8155-e8578b4f5224,47,NAIROBI CITY,266923cb-5d3b-55bc-ba48-385674506c21,274,WESTLANDS,f44cccf3-022f-5ebf-9c85-47a457fe4773,1367,PARKLANDS/HIGHRIDGE,316d4ef3-dc10-5367-9ab9-a8d7bd4760d5,11,HOSPITAL HILL PRIMARY SCHOOL
7e645493-0898-5501-8155-e8578b4f5224,47,NAIROBI CITY,266923cb-5d3b-55bc-ba48-385674506c21,274,WESTLANDS,f44cccf3-022f-5ebf-9c85-47a457fe4773,1367,PARKLANDS/HIGHRIDGE,ab2099eb-9bf9-537c-9bd8-6470783b1eb6,12,HIGHRIDGE PRIMARY SCHOOL
7e645493-0898-5501-8155-e8578b4f5224,47,NAIROBI CITY,266923cb-5d3b-55bc-ba48-385674506c21,274,WESTLANDS,f44cccf3-022f-5ebf-9c85-47a457fe4773,1367,PARKLANDS/HIGHRIDGE,a82cf467-6872-5635-9f62-b8261d146b25,13,NORTH HIGHRIDGE PRIMARY SCHOOL
7e645493-0898-5501-8155-e8578b4f5224,47,NAIROBI CITY,266923cb-5d3b-55bc-ba48-385674506c21,274,WESTLANDS,dbe0b42c-5369-573f-8346-60c51318e159,1368,KARURA,9555e5e1-2bdd-5921-83e1-83245ed33481,14,CITY PARK MARKET
7e645493-0898-5501-8155-e8578b4f5224,47,NAIROBI CITY,266923cb-5d3b-55bc-ba48-385674506c21,274,WESTLANDS,dbe0b42c-5369-573f-8346-60c51318e159,1368,KARURA,0e5b4c8d-0545-5128-9195-6141b3aa1f8f,15,KARURA FOREST PRIMARY SCHOOL
7e645493-0898-5501-8155-e8578b4f5224,47,NAIROBI CITY,266923cb-5d3b-55bc-ba48-385674506c21,274,WESTLANDS,dbe0b42c-5369-573f-8346-60c51318e159,1368,KARURA,24a8dfa0-07e7-5145-82a4-c7609cf73bd7,16,CHELETA PRIMARY SCHOOL
7e645493-0898-5501-8155-e8578b4f5224,47,NAIROBI CITY,266923cb-5d3b-55bc-ba48-385674506c21,274,WESTLANDS,dbe0b42c-5369-573f-8346-60c51318e159,1368,KARURA,20779378-0b92-5ecf-9333-c9c19da0a5be,17,MJI WA HURUMA
7e645493-0898-5501-8155-e8578b4f5224,47,NAIROBI CITY,266923cb-5d3b-55bc-ba48-385674506c21,274,WESTLANDS,dbe0b42c-5369-573f-8346-60c51318e159,1368,KARURA,d9fdace6-fd0a-546a-95e5-7789c48b6033,18,KENYA TEACHERS TECHNICAL COLLEGE
7e645493-0898-5501-8155-e8578b4f5224,47,NAIROBI CITY,266923cb-5d3b-55bc-ba48-385674506c21,274,WESTLANDS,dbe0b42c-5369-573f-8346-60c51318e159,1368,KARURA,239f767b-a24e-5c81-ab6e-1842e13e77da,19,HOSPITAL HILL HIGH SCHOOL
7e645493-0898-5501-8155-e8578b4f5224,47,NAIROBI CITY,266923cb-5d3b-55bc-ba48-385674506c21,274,WESTLANDS,50397f79-9291-55c2-b047-2b49b5189103,1369,KANGEMI,0616f46c-cd8b-54ec-8ef5-8c2192e29c69,20,KIHUMBUINI PRIMARY SCHOOL
7e645493-0898-5501-8155-e8578b4f5224,47,NAIROBI CITY,266923cb-5d3b-55bc-ba48-385674506c21,274,WESTLANDS,50397f79-9291-55c2-b047-2b49b5189103,1369,KANGEMI,12a1075a-66c2-5dae-a90c-b07e5e70f44d,21,NEW KIHUMBUINI PRIMARY SCHOOLL
7e645493-0898-5501-8155-e8578b4f5224,47,NAIROBI CITY,266923cb-5d3b-55bc-ba48-385674506c21,274,WESTLANDS,50397f79-9291-55c2-b047-2b49b5189103,1369,KANGEMI,d8a9a03e-57dc-5885-ac03-b9877cd28401,22,KANGEMI SOCIAL HALL
7e645493-0898-5501-8155-e8578b4f5224,47,NAIROBI CITY,266923cb-5d3b-55bc-ba48-385674506c21,274,WESTLANDS,50397f79-9291-55c2-b047-2b49b5189103,1369,KANGEMI,c2b10dda-ca6a-5c35-a847-b2d3259edeb9,27,KANGEMI MEMORIAL PARK
7e645493-0898-5501-8155-e8578b4f5224,47,NAIROBI CITY,266923cb-5d3b-55bc-ba48-385674506c21,274,WESTLANDS,50397f79-9291-55c2-b047-2b49b5189103,1369,KANGEMI,ac3748f1-4e36-5364-9688-deed8c486fe2,28,AKIBA SCHOOLS
7e645493-0898-5501-8155-e8578b4f5224,47,NAIROBI CITY,266923cb-5d3b-55bc-ba48-385674506c21,274,WESTLANDS,720a88e3-4d26-5e20-a4b5-0f58e11a4b67,1370,MOUNTAIN VIEW,ce6ed9a7-8c61-55d8-ae61-b76ba38b41b6,23,KABETE NATIONAL POLYTECHNIC
7e645493-0898-5501-8155-e8578b4f5224,47,NAIROBI CITY,266923cb-5d3b-55bc-ba48-385674506c21,274,WESTLANDS,720a88e3-4d26-5e20-a4b5-0f58e11a4b67,1370,MOUNTAIN VIEW,2225a78b-fd5f-50d4-95f4-b9b2c7432803,24,ST JOSEPH PRIMARY SCHOOL
7e645493-0898-5501-8155-e8578b4f5224,47,NAIROBI CITY,266923cb-5d3b-55bc-ba48-385674506c21,274,WESTLANDS,720a88e3-4d26-5e20-a4b5-0f58e11a4b67,1370,MOUNTAIN VIEW,e543c2fd-5a85-5a48-a47a-64d38267462f,25,KANGEMI PRIMARY SCHOOL
7e645493-0898-5501-8155-e8578b4f5224,47,NAIROBI CITY,266923cb-5d3b-55bc-ba48-385674506c21,274,WESTLANDS,720a88e3-4d26-5e20-a4b5-0f58e11a4b67,1370,MOUNTAIN VIEW,7d89d48d-3b7d-5b8d-9c4b-ecd0bf16c323,26,KANGEMI HIGH SCHOOL
7e645493-0898-5501-8155-e8578b4f5224,47,NAIROBI CITY,266923cb-5d3b-55bc-ba48-385674506c21,274,WESTLANDS,720a88e3-4d26-5e20-a4b5-0f58e11a4b67,1370,MOUNTAIN VIEW,5ed9b913-69c5-503a-9579-ecb4ab0e3379,29,KANGEMI VOCATIONAL TRAINING CENTRE
7e645493-0898-5501-8155-e8578b4f5224,47,NAIROBI CITY,ef2871f3-3745-5931-91f4-1373e225ceb3,275,DAGORETTI NORTH,9e7e7870-6214-5df9-8637-55d209aec47b,1371,KILIMANI,c270b5e0-59c7-539b-8e26-89833fe185d0,1,NAIROBI PRIMARY SCHOOL
7e645493-0898-5501-8155-e8578b4f5224,47,NAIROBI CITY,ef2871f3-3745-5931-91f4-1373e225ceb3,275,DAGORETTI NORTH,9e7e7870-6214-5df9-8637-55d209aec47b,1371,KILIMANI,5b54c998-8a35-5087-9c68-5f98c0d459cf,2,ST GEORGE'S PRIMARY SCHOOL
7e645493-0898-5501-8155-e8578b4f5224,47,NAIROBI CITY,ef2871f3-3745-5931-91f4-1373e225ceb3,275,DAGORETTI NORTH,9e7e7870-6214-5df9-8637-55d209aec47b,1371,KILIMANI,bafbea1c-a420-5c4b-a27f-dd83594117a0,3,KILIMANI PRIMARY SCHOOL
7e645493-0898-5501-8155-e8578b4f5224,47,NAIROBI CITY,ef2871f3-3745-5931-91f4-1373e225ceb3,275,DAGORETTI NORTH,9e7e7870-6214-5df9-8637-55d209aec47b,1371,KILIMANI,d3157927-28b0-542f-a445-5cfba9c346d9,4,MILIMANI PRIMARY SCHOOL
7e645493-0898-5501-8155-e8578b4f5224,47,NAIROBI CITY,ef2871f3-3745-5931-91f4-1373e225ceb3,275,DAGORETTI NORTH,9e7e7870-6214-5df9-8637-55d209aec47b,1371,KILIMANI,4293bad0-887e-5fe0-98d8-c030bd8f2fe1,5,LAVINGTON PRIMARY SCHOOL
7e645493-0898-5501-8155-e8578b4f5224,47,NAIROBI CITY,ef2871f3-3745-5931-91f4-1373e225ceb3,275,DAGORETTI NORTH,9e7e7870-6214-5df9-8637-55d209aec47b,1371,KILIMANI,6c03d777-1c50-593f-ab7b-0e66b72b7df4,6,MUTHANGARI PRIMARY SCHOOL
7e645493-0898-5501-8155-e8578b4f5224,47,NAIROBI CITY,ef2871f3-3745-5931-91f4-1373e225ceb3,275,DAGORETTI NORTH,4d168165-99c7-53d2-915f-0ed573639a42,1372,KAWANGWARE,8a9af78b-3bfd-5daa-8cae-6bbe79607916,7,DELIVERENCE CHURCH RIRUTA
7e645493-0898-5501-8155-e8578b4f5224,47,NAIROBI CITY,ef2871f3-3745-5931-91f4-1373e225ceb3,275,DAGORETTI NORTH,4d168165-99c7-53d2-915f-0ed573639a42,1372,KAWANGWARE,4a81f49d-9000-5e57-8ebb-a467108794a9,8,KAWANGWARE PRIMARY SCHOOL
7e645493-0898-5501-8155-e8578b4f5224,47,NAIROBI CITY,ef2871f3-3745-5931-91f4-1373e225ceb3,275,DAGORETTI NORTH,4d168165-99c7-53d2-915f-0ed573639a42,1372,KAWANGWARE,ad50cd21-3531-5d86-a604-123f2a8482fd,9,"PRECIOUS BLOOD GIRLS SCHOOL,RIRUTA"
7e645493-0898-5501-8155-e8578b4f5224,47,NAIROBI CITY,ef2871f3-3745-5931-91f4-1373e225ceb3,275,DAGORETTI NORTH,25640472-263a-5326-bbd6-cee05c498027,1373,GATINA,7ebfc1ca-bb8c-5e61-8874-3bcca2a1d9f4,10,GATINA CHIEFS CAMP
7e645493-0898-5501-8155-e8578b4f5224,47,NAIROBI CITY,ef2871f3-3745-5931-91f4-1373e225ceb3,275,DAGORETTI NORTH,25640472-263a-5326-bbd6-cee05c498027,1373,GATINA,42999270-5c11-5d91-aafd-e5cdcb3d7690,11,WORLD HOPE CENTRE
7e645493-0898-5501-8155-e8578b4f5224,47,NAIROBI CITY,ef2871f3-3745-5931-91f4-1373e225ceb3,275,DAGORETTI NORTH,25640472-263a-5326-bbd6-cee05c498027,1373,GATINA,5e9f59a0-d093-5d51-8859-14a11cda7727,12,GATINA PRIMARY SCHOOL
7e645493-0898-5501-8155-e8578b4f5224,47,NAIROBI CITY,ef2871f3-3745-5931-91f4-1373e225ceb3,275,DAGORETTI NORTH,e9a71d89-bb8d-501b-a9e6-f5d15a61d225,1374,KILELESHWA,a2ff74fc-0b68-53cb-a504-e464d211e2b5,13,JOMO KENYATTA UNIVERSITY NAIROBI CAM
7e645493-0898-5501-8155-e8578b4f5224,47,NAIROBI CITY,ef2871f3-3745-5931-91f4-1373e225ceb3,275,DAGORETTI NORTH,e9a71d89-bb8d-501b-a9e6-f5d15a61d225,1374,KILELESHWA,9b916d92-133e-5cb6-82fa-cc2c1bf9e523,14,ST MARY'S SCHOOL
7e645493-0898-5501-8155-e8578b4f5224,47,NAIROBI CITY,ef2871f3-3745-5931-91f4-1373e225ceb3,275,DAGORETTI NORTH,e9a71d89-bb8d-501b-a9e6-f5d15a61d225,1374,KILELESHWA,b4bbc9a3-8182-5983-b584-5b96b83829af,15,CONSOLATA SCHOOL
7e645493-0898-5501-8155-e8578b4f5224,47,NAIROBI CITY,ef2871f3-3745-5931-91f4-1373e225ceb3,275,DAGORETTI NORTH,e9a71d89-bb8d-501b-a9e6-f5d15a61d225,1374,KILELESHWA,0a82962e-bc61-58ff-8baa-72bb0c28eeb7,16,KILELESHWA PRIMARY SCHOOL
7e645493-0898-5501-8155-e8578b4f5224,47,NAIROBI CITY,ef2871f3-3745-5931-91f4-1373e225ceb3,275,DAGORETTI NORTH,e9a71d89-bb8d-501b-a9e6-f5d15a61d225,1374,KILELESHWA,01e5b6c4-9e19-5e2e-8845-cd04765863f6,17,KENYA HIGH SCHOOL
7e645493-0898-5501-8155-e8578b4f5224,47,NAIROBI CITY,ef2871f3-3745-5931-91f4-1373e225ceb3,275,DAGORETTI NORTH,fcacfa36-d468-558f-a037-eda8e643fe5d,1375,KABIRO,6ad411a0-9938-5c06-8da8-bbfb077aa9fc,18,DAGORETTI MUSLIM PRIMARY SCHOOL
7e645493-0898-5501-8155-e8578b4f5224,47,NAIROBI CITY,ef2871f3-3745-5931-91f4-1373e225ceb3,275,DAGORETTI NORTH,fcacfa36-d468-558f-a037-eda8e643fe5d,1375,KABIRO,eb902a76-e87b-5b04-9dbd-0f0cc48fe53e,19,KABIRO PRIMARY SCHOOL
7e645493-0898-5501-8155-e8578b4f5224,47,NAIROBI CITY,ef2871f3-3745-5931-91f4-1373e225ceb3,275,DAGORETTI NORTH,fcacfa36-d468-558f-a037-eda8e643fe5d,1375,KABIRO,bc7dc4b7-6c22-576e-9613-9686ed3eb290,20,ST ANTHONY MIXED HIGH SCHOOL
7e645493-0898-5501-8155-e8578b4f5224,47,NAIROBI CITY,ef2871f3-3745-5931-91f4-1373e225ceb3,275,DAGORETTI NORTH,fcacfa36-d468-558f-a037-eda8e643fe5d,1375,KABIRO,2d810ea4-6444-5993-ba34-696940472ef2,21,"HGM PRIMARY SCHOOL,RIRUTA"
7e645493-0898-5501-8155-e8578b4f5224,47,NAIROBI CITY,49e32daa-d95b-50a6-be02-005436e78b6f,276,DAGORETTI SOUTH,1fc78c49-9046-5aed-bc70-d3d4337d5d5d,1376,MUTU-INI,9a79e79c-1b49-591f-88c7-a61770c94dcc,1,KIRIGU PRIMARY SCHOOL
7e645493-0898-5501-8155-e8578b4f5224,47,NAIROBI CITY,49e32daa-d95b-50a6-be02-005436e78b6f,276,DAGORETTI SOUTH,1fc78c49-9046-5aed-bc70-d3d4337d5d5d,1376,MUTU-INI,f2421767-df35-5378-99bd-4bf0264b6972,2,MUTUINI PRIMARY SCHOOL
7e645493-0898-5501-8155-e8578b4f5224,47,NAIROBI CITY,49e32daa-d95b-50a6-be02-005436e78b6f,276,DAGORETTI SOUTH,1fc78c49-9046-5aed-bc70-d3d4337d5d5d,1376,MUTU-INI,84dd288a-f3d5-54f3-b3d1-a52751c8d28e,3,MUTUINI HIGH SCHOOL
7e645493-0898-5501-8155-e8578b4f5224,47,NAIROBI CITY,49e32daa-d95b-50a6-be02-005436e78b6f,276,DAGORETTI SOUTH,1fc78c49-9046-5aed-bc70-d3d4337d5d5d,1376,MUTU-INI,c7d12417-7fc1-5d23-992c-d192376c2e1d,4,GITIBA PRIMARY SCHOOL
7e645493-0898-5501-8155-e8578b4f5224,47,NAIROBI CITY,49e32daa-d95b-50a6-be02-005436e78b6f,276,DAGORETTI SOUTH,b4ecde3a-bedc-53d9-8106-781ba66b9f10,1377,NGANDO,8eb4f86d-109f-5d6d-956a-335ba495de62,5,LENANA SCHOOL
7e645493-0898-5501-8155-e8578b4f5224,47,NAIROBI CITY,49e32daa-d95b-50a6-be02-005436e78b6f,276,DAGORETTI SOUTH,b4ecde3a-bedc-53d9-8106-781ba66b9f10,1377,NGANDO,56d9b3c1-d70f-5c27-8766-2ac570e45fcc,6,NGANDO CHIEFS CAMP
7e645493-0898-5501-8155-e8578b4f5224,47,NAIROBI CITY,49e32daa-d95b-50a6-be02-005436e78b6f,276,DAGORETTI SOUTH,b4ecde3a-bedc-53d9-8106-781ba66b9f10,1377,NGANDO,41cb30f2-d636-5876-8b7a-e7cf54f166f9,7,CITY PRIME CENTRE
7e645493-0898-5501-8155-e8578b4f5224,47,NAIROBI CITY,49e32daa-d95b-50a6-be02-005436e78b6f,276,DAGORETTI SOUTH,b4ecde3a-bedc-53d9-8106-781ba66b9f10,1377,NGANDO,1deb80bb-5ed1-5704-82fe-efd39099a9c6,8,CORNERSTONE FAITH ASSEMBLIES
7e645493-0898-5501-8155-e8578b4f5224,47,NAIROBI CITY,49e32daa-d95b-50a6-be02-005436e78b6f,276,DAGORETTI SOUTH,14d4f252-a50e-512c-94fa-fc77c2f50b72,1378,RIRUTA,baf55b41-3eeb-5279-a48a-e0a531145513,9,RIRUTA SATELLITE PRIMARY SCHOOL
7e645493-0898-5501-8155-e8578b4f5224,47,NAIROBI CITY,49e32daa-d95b-50a6-be02-005436e78b6f,276,DAGORETTI SOUTH,14d4f252-a50e-512c-94fa-fc77c2f50b72,1378,RIRUTA,8b8fb7a8-95ad-524b-9fa5-8ef9e7d7bbf5,10,KINYANJUI ROAD PRIMARY SCHOOL
7e645493-0898-5501-8155-e8578b4f5224,47,NAIROBI CITY,49e32daa-d95b-50a6-be02-005436e78b6f,276,DAGORETTI SOUTH,14d4f252-a50e-512c-94fa-fc77c2f50b72,1378,RIRUTA,20da22df-ef41-572a-8111-b97a964184fc,11,KIVULI CENTER
7e645493-0898-5501-8155-e8578b4f5224,47,NAIROBI CITY,49e32daa-d95b-50a6-be02-005436e78b6f,276,DAGORETTI SOUTH,14d4f252-a50e-512c-94fa-fc77c2f50b72,1378,RIRUTA,bec068ed-7755-5a8b-be97-62cea28fead0,12,ACK RIRUTA WEST(NDUARU RD)
7e645493-0898-5501-8155-e8578b4f5224,47,NAIROBI CITY,49e32daa-d95b-50a6-be02-005436e78b6f,276,DAGORETTI SOUTH,14d4f252-a50e-512c-94fa-fc77c2f50b72,1378,RIRUTA,83ab89b1-6f50-519e-a953-86ef72f04495,13,NDURARUA PRIMARY SCHOOL
7e645493-0898-5501-8155-e8578b4f5224,47,NAIROBI CITY,49e32daa-d95b-50a6-be02-005436e78b6f,276,DAGORETTI SOUTH,aab3f9a4-e29f-59d1-8fc2-144a5947cb1f,1379,UTHIRU/RUTHIMITU,ca83364d-7748-5a0f-a91c-6644095583f3,14,RUTHIMITU MIXED SECONDARY SCHOOL
7e645493-0898-5501-8155-e8578b4f5224,47,NAIROBI CITY,49e32daa-d95b-50a6-be02-005436e78b6f,276,DAGORETTI SOUTH,aab3f9a4-e29f-59d1-8fc2-144a5947cb1f,1379,UTHIRU/RUTHIMITU,337df824-2546-5357-a810-ecf3d680b0fc,15,ACK KIURU NURSERY SCHOOL
7e645493-0898-5501-8155-e8578b4f5224,47,NAIROBI CITY,49e32daa-d95b-50a6-be02-005436e78b6f,276,DAGORETTI SOUTH,aab3f9a4-e29f-59d1-8fc2-144a5947cb1f,1379,UTHIRU/RUTHIMITU,ef79c9f0-c436-579e-b078-268cea4723be,16,KAGIRA PRIMARY SCHOOL
7e645493-0898-5501-8155-e8578b4f5224,47,NAIROBI CITY,49e32daa-d95b-50a6-be02-005436e78b6f,276,DAGORETTI SOUTH,aab3f9a4-e29f-59d1-8fc2-144a5947cb1f,1379,UTHIRU/RUTHIMITU,419367a1-14f8-5674-9671-65ebdbf1cafa,17,RUTHIMITU PRIMARY SCHOOL
7e645493-0898-5501-8155-e8578b4f5224,47,NAIROBI CITY,49e32daa-d95b-50a6-be02-005436e78b6f,276,DAGORETTI SOUTH,aab3f9a4-e29f-59d1-8fc2-144a5947cb1f,1379,UTHIRU/RUTHIMITU,d2a37b35-6270-5b66-865e-687ac4ce71ed,18,"CHIEF S CAMP,MUTHUA"
7e645493-0898-5501-8155-e8578b4f5224,47,NAIROBI CITY,49e32daa-d95b-50a6-be02-005436e78b6f,276,DAGORETTI SOUTH,aab3f9a4-e29f-59d1-8fc2-144a5947cb1f,1379,UTHIRU/RUTHIMITU,907ba466-f95e-57f3-a567-20531adde3cf,19,UTHIRU CENTRE
7e645493-0898-5501-8155-e8578b4f5224,47,NAIROBI CITY,49e32daa-d95b-50a6-be02-005436e78b6f,276,DAGORETTI SOUTH,563d39bf-10b7-5a26-979d-c9e08a68c893,1380,WAITHAKA,7846ac6c-a639-558a-a3f8-77120a1f8cbc,20,KABIRIA PRIMARY SCHOOL
7e645493-0898-5501-8155-e8578b4f5224,47,NAIROBI CITY,49e32daa-d95b-50a6-be02-005436e78b6f,276,DAGORETTI SOUTH,563d39bf-10b7-5a26-979d-c9e08a68c893,1380,WAITHAKA,4f4411b1-14c1-5592-97f9-56997b213a17,21,NEMBU PRIMARY SCHOOL
7e645493-0898-5501-8155-e8578b4f5224,47,NAIROBI CITY,49e32daa-d95b-50a6-be02-005436e78b6f,276,DAGORETTI SOUTH,563d39bf-10b7-5a26-979d-c9e08a68c893,1380,WAITHAKA,c2b9b411-d961-57ee-a525-0949c6871c03,22,MUKARARA PRIMARY SCHOOL
7e645493-0898-5501-8155-e8578b4f5224,47,NAIROBI CITY,49e32daa-d95b-50a6-be02-005436e78b6f,276,DAGORETTI SOUTH,563d39bf-10b7-5a26-979d-c9e08a68c893,1380,WAITHAKA,b8620a75-be23-52a7-b45b-4b9beb11be63,23,WAITHAKA COMMUNITY SOCIAL HALL
7e645493-0898-5501-8155-e8578b4f5224,47,NAIROBI CITY,9e2fcbd6-6dc8-5342-8244-8af410bdd9de,277,LANGATA,35a89691-812e-53fe-9aae-aa33b1ba3c1e,1381,KAREN,fb4dc8fe-1c61-5d8f-859b-dec074ff4239,1,ST. MARY'S PRI SCH
7e645493-0898-5501-8155-e8578b4f5224,47,NAIROBI CITY,9e2fcbd6-6dc8-5342-8244-8af410bdd9de,277,LANGATA,35a89691-812e-53fe-9aae-aa33b1ba3c1e,1381,KAREN,12738d24-3c83-56ec-b5e0-80eb8017b800,2,NCC SOCIAL HALL
7e645493-0898-5501-8155-e8578b4f5224,47,NAIROBI CITY,9e2fcbd6-6dc8-5342-8244-8af410bdd9de,277,LANGATA,35a89691-812e-53fe-9aae-aa33b1ba3c1e,1381,KAREN,a26e8b8e-ff64-5a8b-9a84-6f5879f07af8,3,KAREN 'C' PRI SCH
7e645493-0898-5501-8155-e8578b4f5224,47,NAIROBI CITY,9e2fcbd6-6dc8-5342-8244-8af410bdd9de,277,LANGATA,35a89691-812e-53fe-9aae-aa33b1ba3c1e,1381,KAREN,84869b0e-b93b-51a8-b742-db28f2e14aee,4,MULTIMEDIA UNIVERSITY
7e645493-0898-5501-8155-e8578b4f5224,47,NAIROBI CITY,9e2fcbd6-6dc8-5342-8244-8af410bdd9de,277,LANGATA,35a89691-812e-53fe-9aae-aa33b1ba3c1e,1381,KAREN,2d40e81e-0ada-560f-aced-1cba2b741197,5,ST. MATHEWS HALL
7e645493-0898-5501-8155-e8578b4f5224,47,NAIROBI CITY,9e2fcbd6-6dc8-5342-8244-8af410bdd9de,277,LANGATA,35a89691-812e-53fe-9aae-aa33b1ba3c1e,1381,KAREN,c751b0d9-1b72-581e-b666-da236677e6ee,6,NGONG FOREST PRI
7e645493-0898-5501-8155-e8578b4f5224,47,NAIROBI CITY,9e2fcbd6-6dc8-5342-8244-8af410bdd9de,277,LANGATA,35a89691-812e-53fe-9aae-aa33b1ba3c1e,1381,KAREN,9b425e9c-76b5-559a-a7f6-2b59a4cf4e1e,7,PCEA KUWINDA
7e645493-0898-5501-8155-e8578b4f5224,47,NAIROBI CITY,9e2fcbd6-6dc8-5342-8244-8af410bdd9de,277,LANGATA,35a89691-812e-53fe-9aae-aa33b1ba3c1e,1381,KAREN,e4e61707-77b0-52ea-8ea4-cc7f048a8f32,8,KMTC COLLEGE- KAREN
7e645493-0898-5501-8155-e8578b4f5224,47,NAIROBI CITY,9e2fcbd6-6dc8-5342-8244-8af410bdd9de,277,LANGATA,35a89691-812e-53fe-9aae-aa33b1ba3c1e,1381,KAREN,5bcac405-dd8c-5850-801c-10fedac8d77f,9,MANYATTA PRI SCHOOL
7e645493-0898-5501-8155-e8578b4f5224,47,NAIROBI CITY,9e2fcbd6-6dc8-5342-8244-8af410bdd9de,277,LANGATA,35a89691-812e-53fe-9aae-aa33b1ba3c1e,1381,KAREN,dadf4ea0-131b-5203-85d6-8f7254626c27,10,FREE METHODIST CHURCH - KARINDE
7e645493-0898-5501-8155-e8578b4f5224,47,NAIROBI CITY,9e2fcbd6-6dc8-5342-8244-8af410bdd9de,277,LANGATA,35a89691-812e-53fe-9aae-aa33b1ba3c1e,1381,KAREN,d229843a-1716-5f31-b182-d625b2a19f8e,35,COOPERATIVE UNIVERSITY
7e645493-0898-5501-8155-e8578b4f5224,47,NAIROBI CITY,9e2fcbd6-6dc8-5342-8244-8af410bdd9de,277,LANGATA,ee30f6e0-ea49-5ef2-a0a6-4a524f266193,1382,NAIROBI WEST,5759a4c0-ad64-5834-bce7-01faf3cfd52b,13,MADARAKA PRI SCH
7e645493-0898-5501-8155-e8578b4f5224,47,NAIROBI CITY,9e2fcbd6-6dc8-5342-8244-8af410bdd9de,277,LANGATA,ee30f6e0-ea49-5ef2-a0a6-4a524f266193,1382,NAIROBI WEST,a55886ba-1c63-5b54-81a1-c40f19cfe556,15,NYAYO NAT. STADIUM
7e645493-0898-5501-8155-e8578b4f5224,47,NAIROBI CITY,9e2fcbd6-6dc8-5342-8244-8af410bdd9de,277,LANGATA,ee30f6e0-ea49-5ef2-a0a6-4a524f266193,1382,NAIROBI WEST,a60deb9b-84c0-5a1b-8580-b8ad821a40ef,36,NAIROBI WEST SHOPPING CENTRE
7e645493-0898-5501-8155-e8578b4f5224,47,NAIROBI CITY,9e2fcbd6-6dc8-5342-8244-8af410bdd9de,277,LANGATA,ee30f6e0-ea49-5ef2-a0a6-4a524f266193,1382,NAIROBI WEST,787bc125-4958-5e0a-8c3a-5959e2441ede,37,WEST PARK PARKING
7e645493-0898-5501-8155-e8578b4f5224,47,NAIROBI CITY,9e2fcbd6-6dc8-5342-8244-8af410bdd9de,277,LANGATA,6f75b980-7b24-5299-a9c0-70504848487f,1383,MUGUMU-INI,eaa4153d-32aa-5ba5-a820-ae3a4d045c08,17,LANGATA ROAD PRI
7e645493-0898-5501-8155-e8578b4f5224,47,NAIROBI CITY,9e2fcbd6-6dc8-5342-8244-8af410bdd9de,277,LANGATA,6f75b980-7b24-5299-a9c0-70504848487f,1383,MUGUMU-INI,8be630b5-5ea4-5cc6-91f6-e675ee49e222,18,UHURU GARDENS PRI
7e645493-0898-5501-8155-e8578b4f5224,47,NAIROBI CITY,9e2fcbd6-6dc8-5342-8244-8af410bdd9de,277,LANGATA,6f75b980-7b24-5299-a9c0-70504848487f,1383,MUGUMU-INI,52fe0bd3-9e29-54d4-94fb-510cb7147ffc,19,LANGATA WEST PRI
7e645493-0898-5501-8155-e8578b4f5224,47,NAIROBI CITY,9e2fcbd6-6dc8-5342-8244-8af410bdd9de,277,LANGATA,6f75b980-7b24-5299-a9c0-70504848487f,1383,MUGUMU-INI,863f974e-0ce0-5499-85d6-8e5ae78c17ad,21,ST. CHARLES LWANGA SCHOOL
7e645493-0898-5501-8155-e8578b4f5224,47,NAIROBI CITY,9e2fcbd6-6dc8-5342-8244-8af410bdd9de,277,LANGATA,6f75b980-7b24-5299-a9c0-70504848487f,1383,MUGUMU-INI,63056320-acac-5fa1-8f47-0680c96ef507,23,LANG'ATA HIGH SCHOOL
7e645493-0898-5501-8155-e8578b4f5224,47,NAIROBI CITY,9e2fcbd6-6dc8-5342-8244-8af410bdd9de,277,LANGATA,6f75b980-7b24-5299-a9c0-70504848487f,1383,MUGUMU-INI,8b2fa683-2b88-5825-8ffd-6d42e3e088c3,24,NGEI PRIMARY SCHOOL
7e645493-0898-5501-8155-e8578b4f5224,47,NAIROBI CITY,9e2fcbd6-6dc8-5342-8244-8af410bdd9de,277,LANGATA,6f75b980-7b24-5299-a9c0-70504848487f,1383,MUGUMU-INI,dd700916-88b4-5c1b-a954-d058e8c2648f,25,BANGLADESH VILLAGE/KINDERGARTEN
7e645493-0898-5501-8155-e8578b4f5224,47,NAIROBI CITY,9e2fcbd6-6dc8-5342-8244-8af410bdd9de,277,LANGATA,6f75b980-7b24-5299-a9c0-70504848487f,1383,MUGUMU-INI,eabaf338-5a0f-582b-b356-9cfc4b03fa0c,38,BOHRA TEMPLE SOCIAL HALL
7e645493-0898-5501-8155-e8578b4f5224,47,NAIROBI CITY,9e2fcbd6-6dc8-5342-8244-8af410bdd9de,277,LANGATA,9be75056-0ff4-5697-b8de-1e9a6ac0bbf8,1384,SOUTH C,e5a8e0da-55ba-56ae-b001-13e7ff1cad54,14,KONGONI PRI SCH
7e645493-0898-5501-8155-e8578b4f5224,47,NAIROBI CITY,9e2fcbd6-6dc8-5342-8244-8af410bdd9de,277,LANGATA,9be75056-0ff4-5697-b8de-1e9a6ac0bbf8,1384,SOUTH C,de17db34-28d1-5867-b205-ffc5ca9cb966,16,KPA STAFF QUARTERS
7e645493-0898-5501-8155-e8578b4f5224,47,NAIROBI CITY,9e2fcbd6-6dc8-5342-8244-8af410bdd9de,277,LANGATA,9be75056-0ff4-5697-b8de-1e9a6ac0bbf8,1384,SOUTH C,f0e44e0f-cfd4-5ca6-b3b2-c8baee7117d3,26,KEWI - SOUTH C
7e645493-0898-5501-8155-e8578b4f5224,47,NAIROBI CITY,9e2fcbd6-6dc8-5342-8244-8af410bdd9de,277,LANGATA,9be75056-0ff4-5697-b8de-1e9a6ac0bbf8,1384,SOUTH C,a59d2a97-5fd1-5889-a9c7-58e3b5844f6a,27,MOW GROUNDS (SOUTH C)
7e645493-0898-5501-8155-e8578b4f5224,47,NAIROBI CITY,9e2fcbd6-6dc8-5342-8244-8af410bdd9de,277,LANGATA,9be75056-0ff4-5697-b8de-1e9a6ac0bbf8,1384,SOUTH C,9ce7e6a6-da92-5559-9612-c606cccd973a,28,KIRDI (SOUTH C)
7e645493-0898-5501-8155-e8578b4f5224,47,NAIROBI CITY,9e2fcbd6-6dc8-5342-8244-8af410bdd9de,277,LANGATA,9be75056-0ff4-5697-b8de-1e9a6ac0bbf8,1384,SOUTH C,c3e94b76-6e8f-54b9-9e3d-75d62bc4c655,29,KHALSA PRI. SCH
7e645493-0898-5501-8155-e8578b4f5224,47,NAIROBI CITY,9e2fcbd6-6dc8-5342-8244-8af410bdd9de,277,LANGATA,9be75056-0ff4-5697-b8de-1e9a6ac0bbf8,1384,SOUTH C,75b8f1db-af51-5c08-a0ae-8dc9640de28b,39,MASAI MANYATTA VILLAGE/ DUPOTO
7e645493-0898-5501-8155-e8578b4f5224,47,NAIROBI CITY,9e2fcbd6-6dc8-5342-8244-8af410bdd9de,277,LANGATA,c1e6ffdb-a99d-561a-8f26-70d27802f002,1385,NYAYO HIGHRISE,138955da-142a-52ac-92d1-13f026435eae,30,NYAYO HIGHRISE PARKING
7e645493-0898-5501-8155-e8578b4f5224,47,NAIROBI CITY,9e2fcbd6-6dc8-5342-8244-8af410bdd9de,277,LANGATA,c1e6ffdb-a99d-561a-8f26-70d27802f002,1385,NYAYO HIGHRISE,1e15e647-9f2d-5861-9b69-3c2dc18cc32e,31,UNDUGU SOCIETY
7e645493-0898-5501-8155-e8578b4f5224,47,NAIROBI CITY,9e2fcbd6-6dc8-5342-8244-8af410bdd9de,277,LANGATA,c1e6ffdb-a99d-561a-8f26-70d27802f002,1385,NYAYO HIGHRISE,555e97cd-2acd-5837-9e25-3cf2975de80a,32,PCEA SILANGA HIGH SCH/ CHURCH
7e645493-0898-5501-8155-e8578b4f5224,47,NAIROBI CITY,9e2fcbd6-6dc8-5342-8244-8af410bdd9de,277,LANGATA,c1e6ffdb-a99d-561a-8f26-70d27802f002,1385,NYAYO HIGHRISE,f8f7726f-9718-51b7-ad12-975e30802fbc,33,ST. JUDE CHURCH
7e645493-0898-5501-8155-e8578b4f5224,47,NAIROBI CITY,9e2fcbd6-6dc8-5342-8244-8af410bdd9de,277,LANGATA,c1e6ffdb-a99d-561a-8f26-70d27802f002,1385,NYAYO HIGHRISE,bf2d2f93-9125-58ef-b08a-4c880537ab11,34,SOWETO RESOURCE CENTRE
7e645493-0898-5501-8155-e8578b4f5224,47,NAIROBI CITY,ee36878f-5d1b-5699-87cc-faaf6e35f905,278,KIBRA,d71b973d-95e8-5d55-9673-1361d8d9c878,1386,LAINI SABA,6428a67b-d2bf-5402-b52c-ebfaa44eeff2,1,Y.M.C.A KIBERA
7e645493-0898-5501-8155-e8578b4f5224,47,NAIROBI CITY,ee36878f-5d1b-5699-87cc-faaf6e35f905,278,KIBRA,d71b973d-95e8-5d55-9673-1361d8d9c878,1386,LAINI SABA,31f2c785-f0ee-5b21-85a8-5ffab3babb91,2,MASHIMONI SCHOOL
7e645493-0898-5501-8155-e8578b4f5224,47,NAIROBI CITY,ee36878f-5d1b-5699-87cc-faaf6e35f905,278,KIBRA,ea8ee34f-53ea-513d-9493-c1dbd1d55b46,1387,LINDI,513506ee-d711-5f29-b689-ba47d4e6afd2,3,LINDI MOSQUE GROUNDS
7e645493-0898-5501-8155-e8578b4f5224,47,NAIROBI CITY,ee36878f-5d1b-5699-87cc-faaf6e35f905,278,KIBRA,ea8ee34f-53ea-513d-9493-c1dbd1d55b46,1387,LINDI,a56b8b1c-61b6-5c9b-9178-f36ae08d01e9,4,MASHIMONI SQUATERS
7e645493-0898-5501-8155-e8578b4f5224,47,NAIROBI CITY,ee36878f-5d1b-5699-87cc-faaf6e35f905,278,KIBRA,3eb7e757-ae06-5fcc-8ff7-3dffa0aeafaf,1388,MAKINA,2561a3aa-d772-566e-bf68-3b91c53fd14a,5,OLD KIBERA PRI SCH
7e645493-0898-5501-8155-e8578b4f5224,47,NAIROBI CITY,ee36878f-5d1b-5699-87cc-faaf6e35f905,278,KIBRA,3eb7e757-ae06-5fcc-8ff7-3dffa0aeafaf,1388,MAKINA,c965a3c5-028f-50cf-9d7a-f43f32804057,6,RAILA EDUC CENTER
7e645493-0898-5501-8155-e8578b4f5224,47,NAIROBI CITY,ee36878f-5d1b-5699-87cc-faaf6e35f905,278,KIBRA,3eb7e757-ae06-5fcc-8ff7-3dffa0aeafaf,1388,MAKINA,f9b6f038-4601-54ac-bc92-f8a97ef351cf,7,TOI MARKET
7e645493-0898-5501-8155-e8578b4f5224,47,NAIROBI CITY,ee36878f-5d1b-5699-87cc-faaf6e35f905,278,KIBRA,3eb7e757-ae06-5fcc-8ff7-3dffa0aeafaf,1388,MAKINA,b5b39a25-4c11-53b1-b7b0-26f6f9b21ec1,8,ACK HOLLY TRINITY - KIBERA
7e645493-0898-5501-8155-e8578b4f5224,47,NAIROBI CITY,ee36878f-5d1b-5699-87cc-faaf6e35f905,278,KIBRA,3eb7e757-ae06-5fcc-8ff7-3dffa0aeafaf,1388,MAKINA,7ab37c9e-f357-5f9c-a4fa-67f86082366a,9,MAKINA SELF HELP PRI
7e645493-0898-5501-8155-e8578b4f5224,47,NAIROBI CITY,ee36878f-5d1b-5699-87cc-faaf6e35f905,278,KIBRA,3eb7e757-ae06-5fcc-8ff7-3dffa0aeafaf,1388,MAKINA,f4242b52-2eb1-5345-a288-b277a096919a,10,KIBRA SOCIAL GRNDS
7e645493-0898-5501-8155-e8578b4f5224,47,NAIROBI CITY,ee36878f-5d1b-5699-87cc-faaf6e35f905,278,KIBRA,c29f9c09-1e85-52af-b0f1-951002c79bec,1389,WOODLEY/KENYATTA GOLF COU,4ea09659-c613-517c-a638-fe5ed5c53842,11,UPPER HILL SEC SCH
7e645493-0898-5501-8155-e8578b4f5224,47,NAIROBI CITY,ee36878f-5d1b-5699-87cc-faaf6e35f905,278,KIBRA,c29f9c09-1e85-52af-b0f1-951002c79bec,1389,WOODLEY/KENYATTA GOLF COU,b882b3d9-9ae6-52c4-9d10-e9b2c05772b2,12,KENYA MEDICAL TRAINING SCH
7e645493-0898-5501-8155-e8578b4f5224,47,NAIROBI CITY,ee36878f-5d1b-5699-87cc-faaf6e35f905,278,KIBRA,c29f9c09-1e85-52af-b0f1-951002c79bec,1389,WOODLEY/KENYATTA GOLF COU,29d82eca-cf00-5797-aec4-2a2f3ed76b5b,13,MBAGATHI RD PRI
7e645493-0898-5501-8155-e8578b4f5224,47,NAIROBI CITY,ee36878f-5d1b-5699-87cc-faaf6e35f905,278,KIBRA,c29f9c09-1e85-52af-b0f1-951002c79bec,1389,WOODLEY/KENYATTA GOLF COU,6a6b4171-cade-592b-b6bd-850a25cdcf3c,14,SHADRACK KIMALEL PRI
7e645493-0898-5501-8155-e8578b4f5224,47,NAIROBI CITY,ee36878f-5d1b-5699-87cc-faaf6e35f905,278,KIBRA,c29f9c09-1e85-52af-b0f1-951002c79bec,1389,WOODLEY/KENYATTA GOLF COU,c783d4e2-7977-50d0-91ba-1e4444f4c776,15,JOSEPH KANGETHE PRI
7e645493-0898-5501-8155-e8578b4f5224,47,NAIROBI CITY,ee36878f-5d1b-5699-87cc-faaf6e35f905,278,KIBRA,c29f9c09-1e85-52af-b0f1-951002c79bec,1389,WOODLEY/KENYATTA GOLF COU,01acc53b-f00c-58f9-9302-e65394f5267e,16,TOI PRI SCH
7e645493-0898-5501-8155-e8578b4f5224,47,NAIROBI CITY,ee36878f-5d1b-5699-87cc-faaf6e35f905,278,KIBRA,c29f9c09-1e85-52af-b0f1-951002c79bec,1389,WOODLEY/KENYATTA GOLF COU,41860c83-acde-5c44-998a-b944cfb787c6,17,JAMHURI PRI SCH
7e645493-0898-5501-8155-e8578b4f5224,47,NAIROBI CITY,ee36878f-5d1b-5699-87cc-faaf6e35f905,278,KIBRA,c29f9c09-1e85-52af-b0f1-951002c79bec,1389,WOODLEY/KENYATTA GOLF COU,6d71cb63-8ac2-51d3-a80f-d65860a05f93,18,NCC HALL DAGORETI CORNER
7e645493-0898-5501-8155-e8578b4f5224,47,NAIROBI CITY,ee36878f-5d1b-5699-87cc-faaf6e35f905,278,KIBRA,9d28dbe7-5f41-5262-bd05-0c466495bd99,1390,SARANGOMBE,8a50a789-0913-5d9a-b2c4-89ca33feaa86,19,AYANY PRI SCH
7e645493-0898-5501-8155-e8578b4f5224,47,NAIROBI CITY,ee36878f-5d1b-5699-87cc-faaf6e35f905,278,KIBRA,9d28dbe7-5f41-5262-bd05-0c466495bd99,1390,SARANGOMBE,63f18702-47d1-5ea9-84b9-7120a35ddf96,20,AYANY BUS TERMINUS STAGE 42
7e645493-0898-5501-8155-e8578b4f5224,47,NAIROBI CITY,ee36878f-5d1b-5699-87cc-faaf6e35f905,278,KIBRA,9d28dbe7-5f41-5262-bd05-0c466495bd99,1390,SARANGOMBE,2d0e3324-15b9-500b-b9ef-680afbaed7e9,21,OLYMPIC PRI SCH
7e645493-0898-5501-8155-e8578b4f5224,47,NAIROBI CITY,ee36878f-5d1b-5699-87cc-faaf6e35f905,278,KIBRA,9d28dbe7-5f41-5262-bd05-0c466495bd99,1390,SARANGOMBE,f7f66a8d-9a70-5190-8978-fa49a180271c,22,OLYMPIC SEC SCH
7e645493-0898-5501-8155-e8578b4f5224,47,NAIROBI CITY,ee36878f-5d1b-5699-87cc-faaf6e35f905,278,KIBRA,9d28dbe7-5f41-5262-bd05-0c466495bd99,1390,SARANGOMBE,fa89c5e4-8a6c-5e0f-bfed-f0885ce63b4a,23,KAG OLYMPIC EDUC CENTER
7e645493-0898-5501-8155-e8578b4f5224,47,NAIROBI CITY,ee36878f-5d1b-5699-87cc-faaf6e35f905,278,KIBRA,9d28dbe7-5f41-5262-bd05-0c466495bd99,1390,SARANGOMBE,76234503-23ac-53a3-a210-8ab24feb200a,24,KIBERA PAG CHURCH SCH
7e645493-0898-5501-8155-e8578b4f5224,47,NAIROBI CITY,b0dc33af-2085-5a04-a109-1ee2a782114e,279,ROYSAMBU,908f8dc3-b18c-5262-bbb3-348cf71e460a,1391,GITHURAI,0a67d626-8190-5c5a-831c-4c32cb61cb56,1,WONDERLAND INTEGRATED ACADEMY
7e645493-0898-5501-8155-e8578b4f5224,47,NAIROBI CITY,b0dc33af-2085-5a04-a109-1ee2a782114e,279,ROYSAMBU,908f8dc3-b18c-5262-bbb3-348cf71e460a,1391,GITHURAI,dafebb4c-4df5-5989-bbb2-d5945bce06a9,2,GITHURAI SPORTS GROUND
7e645493-0898-5501-8155-e8578b4f5224,47,NAIROBI CITY,b0dc33af-2085-5a04-a109-1ee2a782114e,279,ROYSAMBU,908f8dc3-b18c-5262-bbb3-348cf71e460a,1391,GITHURAI,858a1232-5fcf-5e0b-8d4d-7263fc783bc2,3,GITHURAI PRIMARY SCHOOL
7e645493-0898-5501-8155-e8578b4f5224,47,NAIROBI CITY,b0dc33af-2085-5a04-a109-1ee2a782114e,279,ROYSAMBU,a037218b-eff0-5bfe-8457-d3bd614aec97,1392,KAHAWA WEST,2dc92367-493a-5df7-b709-3ed882ec4764,4,KBA SCHOOL
7e645493-0898-5501-8155-e8578b4f5224,47,NAIROBI CITY,b0dc33af-2085-5a04-a109-1ee2a782114e,279,ROYSAMBU,a037218b-eff0-5bfe-8457-d3bd614aec97,1392,KAHAWA WEST,af15ea9c-0219-56e9-95c9-1b0f53c87151,5,MAHIGA PRIMARY SCHOOL
7e645493-0898-5501-8155-e8578b4f5224,47,NAIROBI CITY,b0dc33af-2085-5a04-a109-1ee2a782114e,279,ROYSAMBU,a037218b-eff0-5bfe-8457-d3bd614aec97,1392,KAHAWA WEST,363197f3-03ea-5fe1-af5b-288e94fc6473,6,KAMITI PRIMARY SCHOOL
7e645493-0898-5501-8155-e8578b4f5224,47,NAIROBI CITY,b0dc33af-2085-5a04-a109-1ee2a782114e,279,ROYSAMBU,a037218b-eff0-5bfe-8457-d3bd614aec97,1392,KAHAWA WEST,2a82ac7b-3a9e-5eac-aeea-9deeb7d391e0,7,VENDRAMINI EDUCATIONAL CENTRE
7e645493-0898-5501-8155-e8578b4f5224,47,NAIROBI CITY,b0dc33af-2085-5a04-a109-1ee2a782114e,279,ROYSAMBU,a037218b-eff0-5bfe-8457-d3bd614aec97,1392,KAHAWA WEST,e5ac24a0-221f-5c4f-8e87-758fc366b3f2,8,KIWANJA PRIMARY SCHOOL
7e645493-0898-5501-8155-e8578b4f5224,47,NAIROBI CITY,b0dc33af-2085-5a04-a109-1ee2a782114e,279,ROYSAMBU,a037218b-eff0-5bfe-8457-d3bd614aec97,1392,KAHAWA WEST,0641c1a0-c544-53f0-98e5-eb33a834de0a,9,KENYATTA UNIVERSITY PRIMARY SCHOOL
7e645493-0898-5501-8155-e8578b4f5224,47,NAIROBI CITY,b0dc33af-2085-5a04-a109-1ee2a782114e,279,ROYSAMBU,e8f804fc-74a0-5efc-94a3-c7fb44a9a18b,1393,ZIMMERMAN,c05d2a93-73c5-5d37-8790-b314fd1dcd62,10,ROYSAMBU PRIMARY SCHOOL
7e645493-0898-5501-8155-e8578b4f5224,47,NAIROBI CITY,b0dc33af-2085-5a04-a109-1ee2a782114e,279,ROYSAMBU,e8f804fc-74a0-5efc-94a3-c7fb44a9a18b,1393,ZIMMERMAN,542cfe53-ef27-512e-93c6-a4f3abbb42a2,11,CORNERSTONE ACADEMY
7e645493-0898-5501-8155-e8578b4f5224,47,NAIROBI CITY,b0dc33af-2085-5a04-a109-1ee2a782114e,279,ROYSAMBU,e8f804fc-74a0-5efc-94a3-c7fb44a9a18b,1393,ZIMMERMAN,67635da3-611b-54e4-8e62-eac13d7a0ea5,12,NJATHAINI PRIMARY SCHOOL
7e645493-0898-5501-8155-e8578b4f5224,47,NAIROBI CITY,b0dc33af-2085-5a04-a109-1ee2a782114e,279,ROYSAMBU,5024e4eb-8f69-598b-b87d-484b812a840e,1394,ROYSAMBU,97266627-4fc1-528f-ab69-09cf80d8c631,13,MUTHAIGA PRIMARY SCHOOL
7e645493-0898-5501-8155-e8578b4f5224,47,NAIROBI CITY,b0dc33af-2085-5a04-a109-1ee2a782114e,279,ROYSAMBU,5024e4eb-8f69-598b-b87d-484b812a840e,1394,ROYSAMBU,aa970570-609a-5e17-b0ad-b678927ad657,14,THIKA ROAD PRIMARY SCHOOL
7e645493-0898-5501-8155-e8578b4f5224,47,NAIROBI CITY,b0dc33af-2085-5a04-a109-1ee2a782114e,279,ROYSAMBU,5024e4eb-8f69-598b-b87d-484b812a840e,1394,ROYSAMBU,449f159c-d3e7-5179-9c79-d4ca8211a46b,15,GARDEN ESTATE PRIMARY SCHOOL
7e645493-0898-5501-8155-e8578b4f5224,47,NAIROBI CITY,b0dc33af-2085-5a04-a109-1ee2a782114e,279,ROYSAMBU,5024e4eb-8f69-598b-b87d-484b812a840e,1394,ROYSAMBU,016cb2a8-e91c-597d-923a-7da5c9c3a1db,16,MARURUI PRIMARY SCHOOL
7e645493-0898-5501-8155-e8578b4f5224,47,NAIROBI CITY,b0dc33af-2085-5a04-a109-1ee2a782114e,279,ROYSAMBU,5024e4eb-8f69-598b-b87d-484b812a840e,1394,ROYSAMBU,f96d6b83-038c-56f9-a23d-c39e52d78d25,17,INDEPENDENT PRESBYTERIAN CHURCH COM
7e645493-0898-5501-8155-e8578b4f5224,47,NAIROBI CITY,b0dc33af-2085-5a04-a109-1ee2a782114e,279,ROYSAMBU,a48913ac-9a07-5519-a10e-a735e7a88a2e,1395,KAHAWA,c379268f-bdd1-5143-bcf1-6bcc382c07e5,18,GREEN ANGELS ACADEMY
7e645493-0898-5501-8155-e8578b4f5224,47,NAIROBI CITY,b0dc33af-2085-5a04-a109-1ee2a782114e,279,ROYSAMBU,a48913ac-9a07-5519-a10e-a735e7a88a2e,1395,KAHAWA,c5918d49-7ff9-5fab-abee-b18d3db593d7,19,KAMUTHI HOUSING COOPERATIVE SOCIETY
7e645493-0898-5501-8155-e8578b4f5224,47,NAIROBI CITY,b0dc33af-2085-5a04-a109-1ee2a782114e,279,ROYSAMBU,a48913ac-9a07-5519-a10e-a735e7a88a2e,1395,KAHAWA,ff271ea9-dcb1-58da-8f26-35ae0724a99d,20,KAHAWA WEST PRIMARY SCHOOL
7e645493-0898-5501-8155-e8578b4f5224,47,NAIROBI CITY,be03297f-e17c-513d-9b53-63c869bbd72c,280,KASARANI,17986f70-ca77-586a-97fe-dcbdf3809420,1396,CLAY CITY,b5a6273e-465b-5a17-9c2e-d22767d0bc9d,2,MUREMA PRIMARY SCHOOL
7e645493-0898-5501-8155-e8578b4f5224,47,NAIROBI CITY,be03297f-e17c-513d-9b53-63c869bbd72c,280,KASARANI,17986f70-ca77-586a-97fe-dcbdf3809420,1396,CLAY CITY,520d8009-6414-5115-b00e-5ee9b3ec1aaf,4,GLOBAL ACADEMY
7e645493-0898-5501-8155-e8578b4f5224,47,NAIROBI CITY,be03297f-e17c-513d-9b53-63c869bbd72c,280,KASARANI,17986f70-ca77-586a-97fe-dcbdf3809420,1396,CLAY CITY,4e389611-01d2-5529-aeb1-d5e3e684666a,28,EQUITY ROAD
7e645493-0898-5501-8155-e8578b4f5224,47,NAIROBI CITY,be03297f-e17c-513d-9b53-63c869bbd72c,280,KASARANI,17986f70-ca77-586a-97fe-dcbdf3809420,1396,CLAY CITY,615732f8-eea7-5e7d-b2d1-58c3c23d4df4,29,PCEA SEASONS
7e645493-0898-5501-8155-e8578b4f5224,47,NAIROBI CITY,be03297f-e17c-513d-9b53-63c869bbd72c,280,KASARANI,17986f70-ca77-586a-97fe-dcbdf3809420,1396,CLAY CITY,c06bdfec-3f1d-5862-a541-f150db4a9e25,30,CLAY CITY SECONDARY SCHOOL
7e645493-0898-5501-8155-e8578b4f5224,47,NAIROBI CITY,be03297f-e17c-513d-9b53-63c869bbd72c,280,KASARANI,dbc1808b-13df-5b59-ab0d-87f421abe909,1397,MWIKI,ed65a484-21bd-5819-bdd7-1ea01b5d1528,6,DELIVERANCE CHURCH SCHOOL- MWIKI
7e645493-0898-5501-8155-e8578b4f5224,47,NAIROBI CITY,be03297f-e17c-513d-9b53-63c869bbd72c,280,KASARANI,dbc1808b-13df-5b59-ab0d-87f421abe909,1397,MWIKI,e3725f53-81e4-5450-870a-c2ac51c53243,8,ST. DOMINIC PRIMARY SCHOOL
7e645493-0898-5501-8155-e8578b4f5224,47,NAIROBI CITY,be03297f-e17c-513d-9b53-63c869bbd72c,280,KASARANI,dbc1808b-13df-5b59-ab0d-87f421abe909,1397,MWIKI,dee878d5-04f5-514e-9e9f-6591c48aba4f,31,MWIKI PRIMARY SCHOOL
7e645493-0898-5501-8155-e8578b4f5224,47,NAIROBI CITY,be03297f-e17c-513d-9b53-63c869bbd72c,280,KASARANI,dbc1808b-13df-5b59-ab0d-87f421abe909,1397,MWIKI,a49cdc8e-227a-5c9a-94c4-8e76173845b2,32,KARURA HEALTH CENTRE
7e645493-0898-5501-8155-e8578b4f5224,47,NAIROBI CITY,be03297f-e17c-513d-9b53-63c869bbd72c,280,KASARANI,dbc1808b-13df-5b59-ab0d-87f421abe909,1397,MWIKI,b99aff65-8e23-5c26-833e-c7532562d339,33,ST. DOMINIC SECONDARY SCHOOL
7e645493-0898-5501-8155-e8578b4f5224,47,NAIROBI CITY,be03297f-e17c-513d-9b53-63c869bbd72c,280,KASARANI,70fa9815-e332-51b5-9b03-f7f780967ee6,1398,KASARANI,474b9c56-3a45-533b-8838-4a4853f14108,9,NGUMBA CITY COUNCIL DISPENSARY
7e645493-0898-5501-8155-e8578b4f5224,47,NAIROBI CITY,be03297f-e17c-513d-9b53-63c869bbd72c,280,KASARANI,70fa9815-e332-51b5-9b03-f7f780967ee6,1398,KASARANI,341c6e8a-f8d6-5f92-9f20-1bc371cdba51,10,KENYA INSTITUTE OF SPECIAL EDUCATION
7e645493-0898-5501-8155-e8578b4f5224,47,NAIROBI CITY,be03297f-e17c-513d-9b53-63c869bbd72c,280,KASARANI,70fa9815-e332-51b5-9b03-f7f780967ee6,1398,KASARANI,005e9eee-c66c-536e-aecd-7ccef5cde492,11,NEW KASARANI DC'S COMPOUND
7e645493-0898-5501-8155-e8578b4f5224,47,NAIROBI CITY,be03297f-e17c-513d-9b53-63c869bbd72c,280,KASARANI,70fa9815-e332-51b5-9b03-f7f780967ee6,1398,KASARANI,bc0de4e4-8d13-5dc2-a924-e808ad996879,12,KASARANI PRIMARY SCHOOL
7e645493-0898-5501-8155-e8578b4f5224,47,NAIROBI CITY,be03297f-e17c-513d-9b53-63c869bbd72c,280,KASARANI,70fa9815-e332-51b5-9b03-f7f780967ee6,1398,KASARANI,507895ad-c4e0-5abf-820d-dde0fef0607d,13,YOUTH EMPOWERMENT CENTRE- CIEKO
7e645493-0898-5501-8155-e8578b4f5224,47,NAIROBI CITY,be03297f-e17c-513d-9b53-63c869bbd72c,280,KASARANI,7d3e67aa-0c16-5501-9050-175a394c4e99,1399,NJIRU,f6f061d1-3f13-5205-8524-d9c2cca34a45,14,NJIRU ACK PRIMARY SCHOOL
7e645493-0898-5501-8155-e8578b4f5224,47,NAIROBI CITY,be03297f-e17c-513d-9b53-63c869bbd72c,280,KASARANI,7d3e67aa-0c16-5501-9050-175a394c4e99,1399,NJIRU,086ea50e-2cf0-56f1-8b09-a4a03e651af1,15,JEHOVAH JIRE PRIMARY SCHOOL
7e645493-0898-5501-8155-e8578b4f5224,47,NAIROBI CITY,be03297f-e17c-513d-9b53-63c869bbd72c,280,KASARANI,7d3e67aa-0c16-5501-9050-175a394c4e99,1399,NJIRU,4b5e20da-3b7e-5938-93c3-8aab33d9558f,16,MWENGENYE RESOURCE CENTRE
7e645493-0898-5501-8155-e8578b4f5224,47,NAIROBI CITY,be03297f-e17c-513d-9b53-63c869bbd72c,280,KASARANI,7d3e67aa-0c16-5501-9050-175a394c4e99,1399,NJIRU,e7fae67d-b625-5b4c-a814-739a92f89dc8,17,JEHOVAH JIREH SECONDARY SCHOOL
7e645493-0898-5501-8155-e8578b4f5224,47,NAIROBI CITY,be03297f-e17c-513d-9b53-63c869bbd72c,280,KASARANI,7d3e67aa-0c16-5501-9050-175a394c4e99,1399,NJIRU,f9980600-e3d4-5fa9-93a0-c5abd77becf5,18,NJIRU PRIMARY SCHOOL
7e645493-0898-5501-8155-e8578b4f5224,47,NAIROBI CITY,be03297f-e17c-513d-9b53-63c869bbd72c,280,KASARANI,6483e54d-23e8-54b1-9dd4-6e6a1729ea3a,1400,RUAI,cef49f16-8d9d-52f2-9bf2-682627d0322f,19,RUAI PRIMARY SCHOOL
7e645493-0898-5501-8155-e8578b4f5224,47,NAIROBI CITY,be03297f-e17c-513d-9b53-63c869bbd72c,280,KASARANI,6483e54d-23e8-54b1-9dd4-6e6a1729ea3a,1400,RUAI,79e4ca4a-03b4-51e0-b9ed-e973b26d88f2,20,NGUNDU PRIMARY SCHOOL
7e645493-0898-5501-8155-e8578b4f5224,47,NAIROBI CITY,be03297f-e17c-513d-9b53-63c869bbd72c,280,KASARANI,6483e54d-23e8-54b1-9dd4-6e6a1729ea3a,1400,RUAI,b64ddc2b-5004-54b5-8a8f-6d578bc654dd,21,RUAI CITY COUNCIL HALL
7e645493-0898-5501-8155-e8578b4f5224,47,NAIROBI CITY,be03297f-e17c-513d-9b53-63c869bbd72c,280,KASARANI,6483e54d-23e8-54b1-9dd4-6e6a1729ea3a,1400,RUAI,892f58bb-be14-5be5-9042-056b0389aa3a,23,MUHURI MUCHIRI SECONDARY SCHOOL
7e645493-0898-5501-8155-e8578b4f5224,47,NAIROBI CITY,be03297f-e17c-513d-9b53-63c869bbd72c,280,KASARANI,6483e54d-23e8-54b1-9dd4-6e6a1729ea3a,1400,RUAI,022489ab-7791-54a6-975f-a697403bad20,24,RUAI GIRLS SECONDARY SCHOOL
7e645493-0898-5501-8155-e8578b4f5224,47,NAIROBI CITY,be03297f-e17c-513d-9b53-63c869bbd72c,280,KASARANI,6483e54d-23e8-54b1-9dd4-6e6a1729ea3a,1400,RUAI,94be09fa-07b4-54bb-bf07-40749c0a08c8,25,DRUMVALE SECONDARY SCHOOL
7e645493-0898-5501-8155-e8578b4f5224,47,NAIROBI CITY,be03297f-e17c-513d-9b53-63c869bbd72c,280,KASARANI,6483e54d-23e8-54b1-9dd4-6e6a1729ea3a,1400,RUAI,7857eef2-774d-508c-a2a0-04260b7f9579,26,ATHI PRIMARY SCHOOL
7e645493-0898-5501-8155-e8578b4f5224,47,NAIROBI CITY,be03297f-e17c-513d-9b53-63c869bbd72c,280,KASARANI,6483e54d-23e8-54b1-9dd4-6e6a1729ea3a,1400,RUAI,e2519ac2-2d6d-5e3f-ad50-93073387f8cd,27,GITUAMBA PRIMARY SCHOOL
7e645493-0898-5501-8155-e8578b4f5224,47,NAIROBI CITY,be03297f-e17c-513d-9b53-63c869bbd72c,280,KASARANI,6483e54d-23e8-54b1-9dd4-6e6a1729ea3a,1400,RUAI,8eff0435-91cf-5b58-95f5-62afc6f41f63,34,NILE ROAD SECONDARY SCHOOL
7e645493-0898-5501-8155-e8578b4f5224,47,NAIROBI CITY,be03297f-e17c-513d-9b53-63c869bbd72c,280,KASARANI,6483e54d-23e8-54b1-9dd4-6e6a1729ea3a,1400,RUAI,84f42481-918a-5573-bb1b-69594fd85976,35,HIGHWAY MANYATTA PRIMARY SCHOOL
7e645493-0898-5501-8155-e8578b4f5224,47,NAIROBI CITY,be03297f-e17c-513d-9b53-63c869bbd72c,280,KASARANI,6483e54d-23e8-54b1-9dd4-6e6a1729ea3a,1400,RUAI,2adf5305-6abe-5af7-9644-fa8a12abfd31,36,GITUAMBA SECONDARY SCHOOL
7e645493-0898-5501-8155-e8578b4f5224,47,NAIROBI CITY,be03297f-e17c-513d-9b53-63c869bbd72c,280,KASARANI,6483e54d-23e8-54b1-9dd4-6e6a1729ea3a,1400,RUAI,049bc807-e451-53dd-9e59-4bb7b7457b43,38,EVERTON EDUCATION CENTRE-CHOKAA
7e645493-0898-5501-8155-e8578b4f5224,47,NAIROBI CITY,a5cdba1e-6965-5a5a-aec3-f1f9fd0cc79e,281,RUARAKA,a2b621a3-d256-5627-978b-2b29839bbe07,1401,BABA DOGO,d3c418bd-3fce-514c-9b5c-41d230b36d16,1,BABA DOGO PRIMARY SCHOOL
7e645493-0898-5501-8155-e8578b4f5224,47,NAIROBI CITY,a5cdba1e-6965-5a5a-aec3-f1f9fd0cc79e,281,RUARAKA,a2b621a3-d256-5627-978b-2b29839bbe07,1401,BABA DOGO,706ade68-322e-526e-8aa0-d13b7c16437e,2,MM CHANDARIA PRIMARY SCHOOL
7e645493-0898-5501-8155-e8578b4f5224,47,NAIROBI CITY,a5cdba1e-6965-5a5a-aec3-f1f9fd0cc79e,281,RUARAKA,a2b621a3-d256-5627-978b-2b29839bbe07,1401,BABA DOGO,58281d08-593a-5fcd-b29e-424d93eebcf5,3,SACRED HEART CATHOLIC SCHOOL
7e645493-0898-5501-8155-e8578b4f5224,47,NAIROBI CITY,a5cdba1e-6965-5a5a-aec3-f1f9fd0cc79e,281,RUARAKA,a2b621a3-d256-5627-978b-2b29839bbe07,1401,BABA DOGO,bace13e5-6097-541c-998a-5d7f4d7c289f,4,ACREF CENTRE
7e645493-0898-5501-8155-e8578b4f5224,47,NAIROBI CITY,a5cdba1e-6965-5a5a-aec3-f1f9fd0cc79e,281,RUARAKA,a2b621a3-d256-5627-978b-2b29839bbe07,1401,BABA DOGO,1ef82601-38aa-5cb4-85b6-8cf789a08da4,20,BABA DOGO SECONDARY SCHOOL
7e645493-0898-5501-8155-e8578b4f5224,47,NAIROBI CITY,a5cdba1e-6965-5a5a-aec3-f1f9fd0cc79e,281,RUARAKA,a2b621a3-d256-5627-978b-2b29839bbe07,1401,BABA DOGO,5e0a0adb-8330-522b-8112-2d57444ef6fe,21,LAND MARK GROUNDS KARIADUDU
7e645493-0898-5501-8155-e8578b4f5224,47,NAIROBI CITY,a5cdba1e-6965-5a5a-aec3-f1f9fd0cc79e,281,RUARAKA,b64cd63f-8f70-5476-9908-f1157a50872d,1402,UTALII,f420da31-b982-589f-b9ba-0c239c432716,5,HEIDEMARIE MATHARE 4A PRIMARY SCHOO
7e645493-0898-5501-8155-e8578b4f5224,47,NAIROBI CITY,a5cdba1e-6965-5a5a-aec3-f1f9fd0cc79e,281,RUARAKA,b64cd63f-8f70-5476-9908-f1157a50872d,1402,UTALII,cd7b7813-094e-579c-8a4d-2ca75d49c15e,6,STIMA MEMBERS CLUB
7e645493-0898-5501-8155-e8578b4f5224,47,NAIROBI CITY,a5cdba1e-6965-5a5a-aec3-f1f9fd0cc79e,281,RUARAKA,b64cd63f-8f70-5476-9908-f1157a50872d,1402,UTALII,342b2336-2a7a-5d3c-bfb1-b381a4ab24b1,7,DRIVE IN PRIMARY SCHOOL
7e645493-0898-5501-8155-e8578b4f5224,47,NAIROBI CITY,a5cdba1e-6965-5a5a-aec3-f1f9fd0cc79e,281,RUARAKA,b64cd63f-8f70-5476-9908-f1157a50872d,1402,UTALII,61677a95-2e52-501f-a56a-383ae860891c,22,RUARAKA HIGH SCHOOL
7e645493-0898-5501-8155-e8578b4f5224,47,NAIROBI CITY,a5cdba1e-6965-5a5a-aec3-f1f9fd0cc79e,281,RUARAKA,b64cd63f-8f70-5476-9908-f1157a50872d,1402,UTALII,9603508e-ac9e-597d-aee9-fd426ef4b015,27,MWISHO KORIA HALL
7e645493-0898-5501-8155-e8578b4f5224,47,NAIROBI CITY,a5cdba1e-6965-5a5a-aec3-f1f9fd0cc79e,281,RUARAKA,b64cd63f-8f70-5476-9908-f1157a50872d,1402,UTALII,27b92e72-2e03-5349-bdf7-269a6ff94da8,28,BETHANY CHURCH
7e645493-0898-5501-8155-e8578b4f5224,47,NAIROBI CITY,a5cdba1e-6965-5a5a-aec3-f1f9fd0cc79e,281,RUARAKA,a113677a-0661-5355-9e15-a9f0ff8cf610,1403,MATHARE NORTH,737129a4-b0c5-593d-b93f-d0cbb7f2c145,8,ST. STEPHENS NURSERY SCHOOL
7e645493-0898-5501-8155-e8578b4f5224,47,NAIROBI CITY,a5cdba1e-6965-5a5a-aec3-f1f9fd0cc79e,281,RUARAKA,a113677a-0661-5355-9e15-a9f0ff8cf610,1403,MATHARE NORTH,aa7e2df1-726f-59e1-99ee-b5e5b19a6d32,9,MATHARE NORTH PRIMARY SCHOOL
7e645493-0898-5501-8155-e8578b4f5224,47,NAIROBI CITY,a5cdba1e-6965-5a5a-aec3-f1f9fd0cc79e,281,RUARAKA,a113677a-0661-5355-9e15-a9f0ff8cf610,1403,MATHARE NORTH,09089613-5612-5c04-8b17-6a3b499b28c1,10,ST. CHRISTOPHER WHOLISTIC SCHOOL
7e645493-0898-5501-8155-e8578b4f5224,47,NAIROBI CITY,a5cdba1e-6965-5a5a-aec3-f1f9fd0cc79e,281,RUARAKA,a113677a-0661-5355-9e15-a9f0ff8cf610,1403,MATHARE NORTH,c03dc3ae-e276-569a-af20-f117a87e0110,11,MATHARE NORTH SOCIAL HALL
7e645493-0898-5501-8155-e8578b4f5224,47,NAIROBI CITY,a5cdba1e-6965-5a5a-aec3-f1f9fd0cc79e,281,RUARAKA,d0fbc9ae-b56d-5095-a949-67116a4c7d13,1404,LUCKY SUMMER,c7b5db6e-4689-5b21-a0fc-efb5f3649e3f,12,CHIEF'S COMPOUND LUCKY SUMMER
7e645493-0898-5501-8155-e8578b4f5224,47,NAIROBI CITY,a5cdba1e-6965-5a5a-aec3-f1f9fd0cc79e,281,RUARAKA,d0fbc9ae-b56d-5095-a949-67116a4c7d13,1404,LUCKY SUMMER,53a776ca-6ae5-5cf0-88f1-445e7393275f,13,LUCKY SUMMER OPEN GROUND
7e645493-0898-5501-8155-e8578b4f5224,47,NAIROBI CITY,a5cdba1e-6965-5a5a-aec3-f1f9fd0cc79e,281,RUARAKA,d0fbc9ae-b56d-5095-a949-67116a4c7d13,1404,LUCKY SUMMER,1995e066-7689-562a-8f2d-c1e6de05157a,14,TIBA JUNIOR ACADEMY
7e645493-0898-5501-8155-e8578b4f5224,47,NAIROBI CITY,a5cdba1e-6965-5a5a-aec3-f1f9fd0cc79e,281,RUARAKA,d0fbc9ae-b56d-5095-a949-67116a4c7d13,1404,LUCKY SUMMER,a759f194-b2a8-53d7-9f04-3b7fff52441a,23,TIBA ON THE ROAD
7e645493-0898-5501-8155-e8578b4f5224,47,NAIROBI CITY,a5cdba1e-6965-5a5a-aec3-f1f9fd0cc79e,281,RUARAKA,d0fbc9ae-b56d-5095-a949-67116a4c7d13,1404,LUCKY SUMMER,06343bc1-66ae-56e8-bfdf-c3a24e26ffa9,24,BEGA KWA BEGA GLUCOLA
7e645493-0898-5501-8155-e8578b4f5224,47,NAIROBI CITY,a5cdba1e-6965-5a5a-aec3-f1f9fd0cc79e,281,RUARAKA,d0fbc9ae-b56d-5095-a949-67116a4c7d13,1404,LUCKY SUMMER,116652d7-cead-5598-8eb2-166283066dfa,29,MIGINGO MARKET (GLUCOLA)
7e645493-0898-5501-8155-e8578b4f5224,47,NAIROBI CITY,a5cdba1e-6965-5a5a-aec3-f1f9fd0cc79e,281,RUARAKA,d0fbc9ae-b56d-5095-a949-67116a4c7d13,1404,LUCKY SUMMER,ba69f6e5-33e7-5c28-9081-8cc4e3072d48,30,SARAKASI ON THE ROAD
7e645493-0898-5501-8155-e8578b4f5224,47,NAIROBI CITY,a5cdba1e-6965-5a5a-aec3-f1f9fd0cc79e,281,RUARAKA,b8638f0f-1446-5771-8b77-afc8f60da53c,1405,KOROGOCHO,e303606d-b0bb-5e92-95f5-99c151fb756e,15,NGUNYUMU PRIMARY SCHOOL
7e645493-0898-5501-8155-e8578b4f5224,47,NAIROBI CITY,a5cdba1e-6965-5a5a-aec3-f1f9fd0cc79e,281,RUARAKA,b8638f0f-1446-5771-8b77-afc8f60da53c,1405,KOROGOCHO,a066c2e7-20cb-5bec-896b-8061b861172f,16,KARIOBANGI BAPTIST YOUTH CENTRE AND
7e645493-0898-5501-8155-e8578b4f5224,47,NAIROBI CITY,a5cdba1e-6965-5a5a-aec3-f1f9fd0cc79e,281,RUARAKA,b8638f0f-1446-5771-8b77-afc8f60da53c,1405,KOROGOCHO,0c5b31a0-b1f2-5c5f-9322-1d636f3238e5,17,KOROGOCHO COMMUNITY CENTRE
7e645493-0898-5501-8155-e8578b4f5224,47,NAIROBI CITY,a5cdba1e-6965-5a5a-aec3-f1f9fd0cc79e,281,RUARAKA,b8638f0f-1446-5771-8b77-afc8f60da53c,1405,KOROGOCHO,43caf595-e268-56fb-b2bc-46726e8ebe16,19,DANIEL COMBONI PRIMARY SCHOOL
7e645493-0898-5501-8155-e8578b4f5224,47,NAIROBI CITY,a5cdba1e-6965-5a5a-aec3-f1f9fd0cc79e,281,RUARAKA,b8638f0f-1446-5771-8b77-afc8f60da53c,1405,KOROGOCHO,be9519b3-d9fd-5a93-be4b-57f9e60fef2b,26,UMOJA GOAT SELLERS SOCIETY
7e645493-0898-5501-8155-e8578b4f5224,47,NAIROBI CITY,93eee6db-a595-5f5e-bcaf-21f876d63545,282,EMBAKASI SOUTH,24892a79-c16f-5900-9f74-f570e6dbbef0,1406,IMARA DAIMA,5b326d77-b4c3-5e06-bb37-4fecdbf74286,1,MCC PRIMARY SCHOOL
7e645493-0898-5501-8155-e8578b4f5224,47,NAIROBI CITY,93eee6db-a595-5f5e-bcaf-21f876d63545,282,EMBAKASI SOUTH,24892a79-c16f-5900-9f74-f570e6dbbef0,1406,IMARA DAIMA,8d4177c2-e1d3-5439-8216-9e2810380edb,2,EMBAKASI GIRLS SECONDARY SCHOOL
7e645493-0898-5501-8155-e8578b4f5224,47,NAIROBI CITY,93eee6db-a595-5f5e-bcaf-21f876d63545,282,EMBAKASI SOUTH,24892a79-c16f-5900-9f74-f570e6dbbef0,1406,IMARA DAIMA,5daf1181-5f60-52a5-afe8-fa37c8813f63,3,IMARA DAIMA ESTATE GROUNDS
7e645493-0898-5501-8155-e8578b4f5224,47,NAIROBI CITY,93eee6db-a595-5f5e-bcaf-21f876d63545,282,EMBAKASI SOUTH,24892a79-c16f-5900-9f74-f570e6dbbef0,1406,IMARA DAIMA,f37b9632-aa0a-5eac-a244-f6f96e034d17,4,AA VILLA GROUND
7e645493-0898-5501-8155-e8578b4f5224,47,NAIROBI CITY,93eee6db-a595-5f5e-bcaf-21f876d63545,282,EMBAKASI SOUTH,5b79c81c-dd1d-5c42-8618-c28afc2603d6,1407,KWA NJENGA,45b20581-d3ec-5abe-8d87-d1e4fdf19dab,5,KWA NJENGA PRIMARY SCHOOL
7e645493-0898-5501-8155-e8578b4f5224,47,NAIROBI CITY,93eee6db-a595-5f5e-bcaf-21f876d63545,282,EMBAKASI SOUTH,5b79c81c-dd1d-5c42-8618-c28afc2603d6,1407,KWA NJENGA,1ed41b08-3400-5462-9230-26c09f2264b0,6,IMANI MARIANISTS - CHAMINADE TRAINING
7e645493-0898-5501-8155-e8578b4f5224,47,NAIROBI CITY,93eee6db-a595-5f5e-bcaf-21f876d63545,282,EMBAKASI SOUTH,07abb194-acf8-51c0-ac1c-29847fb13fc5,1408,KWA REUBEN,38c451ba-77c2-516d-8d2b-3dde6a18a12d,7,AEF REUBEN PRIMARY SCHOOL
7e645493-0898-5501-8155-e8578b4f5224,47,NAIROBI CITY,93eee6db-a595-5f5e-bcaf-21f876d63545,282,EMBAKASI SOUTH,07abb194-acf8-51c0-ac1c-29847fb13fc5,1408,KWA REUBEN,93bcc386-6ae7-5830-a787-aab9b1e035ee,8,REUBEN SECONDARY SCHOOL
7e645493-0898-5501-8155-e8578b4f5224,47,NAIROBI CITY,93eee6db-a595-5f5e-bcaf-21f876d63545,282,EMBAKASI SOUTH,07abb194-acf8-51c0-ac1c-29847fb13fc5,1408,KWA REUBEN,b7a756ba-c3d2-5a2f-9f1d-60b039e3cffe,9,GATOTO COMMUNITY PRIMARY SCHOOL
7e645493-0898-5501-8155-e8578b4f5224,47,NAIROBI CITY,93eee6db-a595-5f5e-bcaf-21f876d63545,282,EMBAKASI SOUTH,9baf3c69-bc55-5d9d-aa7e-0ef9f649a1b0,1409,PIPELINE,6bf18bc5-03bd-5e56-b3b8-3a6c61cf5c49,10,PCEA PIPELINE CHURCH - NEEMA PARISH
7e645493-0898-5501-8155-e8578b4f5224,47,NAIROBI CITY,93eee6db-a595-5f5e-bcaf-21f876d63545,282,EMBAKASI SOUTH,9baf3c69-bc55-5d9d-aa7e-0ef9f649a1b0,1409,PIPELINE,0e141263-cf2d-5f2b-9bcb-efa44491bd92,11,FREE PENTECOSTAL UZIMA CENTRE
7e645493-0898-5501-8155-e8578b4f5224,47,NAIROBI CITY,93eee6db-a595-5f5e-bcaf-21f876d63545,282,EMBAKASI SOUTH,9baf3c69-bc55-5d9d-aa7e-0ef9f649a1b0,1409,PIPELINE,032dfdc6-39a7-57fd-9149-ba7a1c90cf03,12,KENYA PIPELINE CO. LTD STAFF HOUSING ES
7e645493-0898-5501-8155-e8578b4f5224,47,NAIROBI CITY,93eee6db-a595-5f5e-bcaf-21f876d63545,282,EMBAKASI SOUTH,c16c97e9-708b-5b02-adf3-ff5688f948fd,1410,KWARE,18c36f0a-a003-509c-bf96-e46fe9239e0b,13,JOBENPHA COMMUNITY SCHOOL
7e645493-0898-5501-8155-e8578b4f5224,47,NAIROBI CITY,93eee6db-a595-5f5e-bcaf-21f876d63545,282,EMBAKASI SOUTH,c16c97e9-708b-5b02-adf3-ff5688f948fd,1410,KWARE,ccd1ea49-940d-54f3-a5d4-e69947654c83,14,UNIQUE ESTATE GATE
7e645493-0898-5501-8155-e8578b4f5224,47,NAIROBI CITY,b5533abc-a106-5923-8c06-b16f498209f5,283,EMBAKASI NORTH,e2ad230b-00c7-50a6-93db-7d6aa3935114,1411,KARIOBANGI NORTH,7d432366-3f52-5622-83c2-6bb57fa2bf02,1,KARIOBANGI NORTH PRIMARY SCHOOL
7e645493-0898-5501-8155-e8578b4f5224,47,NAIROBI CITY,b5533abc-a106-5923-8c06-b16f498209f5,283,EMBAKASI NORTH,e2ad230b-00c7-50a6-93db-7d6aa3935114,1411,KARIOBANGI NORTH,58fbfc0f-fa57-5d26-ab1b-8a19ff4ba0b2,2,KARIOBANGI NORTH GIRLS SCHOOL
7e645493-0898-5501-8155-e8578b4f5224,47,NAIROBI CITY,b5533abc-a106-5923-8c06-b16f498209f5,283,EMBAKASI NORTH,e2ad230b-00c7-50a6-93db-7d6aa3935114,1411,KARIOBANGI NORTH,57be74ad-47a0-51c0-95f0-5469dd6c012d,3,OUR LADY OF FATIMA SECONDARY
7e645493-0898-5501-8155-e8578b4f5224,47,NAIROBI CITY,b5533abc-a106-5923-8c06-b16f498209f5,283,EMBAKASI NORTH,e2ad230b-00c7-50a6-93db-7d6aa3935114,1411,KARIOBANGI NORTH,4ae7df87-9ed8-5e95-8ec4-9b0a827c37a5,4,MARURA PRIMARY SCHOOL
7e645493-0898-5501-8155-e8578b4f5224,47,NAIROBI CITY,b5533abc-a106-5923-8c06-b16f498209f5,283,EMBAKASI NORTH,e2ad230b-00c7-50a6-93db-7d6aa3935114,1411,KARIOBANGI NORTH,127ed002-ca7a-5ad9-ad74-1e572cc206ff,5,KARIOBANGI NORTH DAY NURSERY SCHOOL
7e645493-0898-5501-8155-e8578b4f5224,47,NAIROBI CITY,b5533abc-a106-5923-8c06-b16f498209f5,283,EMBAKASI NORTH,31d77ea3-cdd9-573c-a846-8c5be908eded,1412,DANDORA AREA I,2ae4110b-fb3d-5f1d-8da6-4a7c77c8952a,6,DANDORA 1 PRIMARY SCHOOL
7e645493-0898-5501-8155-e8578b4f5224,47,NAIROBI CITY,b5533abc-a106-5923-8c06-b16f498209f5,283,EMBAKASI NORTH,73154759-0343-5de5-8413-cd0a3a830589,1413,DANDORA AREA II,20e8ad4d-7c6e-503d-8a55-46071623b1bc,7,JAMES GICHURU PRIMARY SCHOOL
7e645493-0898-5501-8155-e8578b4f5224,47,NAIROBI CITY,b5533abc-a106-5923-8c06-b16f498209f5,283,EMBAKASI NORTH,73154759-0343-5de5-8413-cd0a3a830589,1413,DANDORA AREA II,8ca1981e-1ee9-5f9d-8f9b-f81e41a7c391,8,DANDORA SECONDARY SCHOOL
7e645493-0898-5501-8155-e8578b4f5224,47,NAIROBI CITY,b5533abc-a106-5923-8c06-b16f498209f5,283,EMBAKASI NORTH,73154759-0343-5de5-8413-cd0a3a830589,1413,DANDORA AREA II,f74fc535-051f-5d31-bbf6-628269dbadac,9,WANGU PRIMARY SCHOOL
7e645493-0898-5501-8155-e8578b4f5224,47,NAIROBI CITY,b5533abc-a106-5923-8c06-b16f498209f5,283,EMBAKASI NORTH,76cc9820-52a2-5fb7-a82b-a56eeb227f31,1414,DANDORA AREA III,a5089fa5-0f46-590a-afe5-c5993c92742b,10,TOM MBOYA PRIMARY SCHOOL
7e645493-0898-5501-8155-e8578b4f5224,47,NAIROBI CITY,b5533abc-a106-5923-8c06-b16f498209f5,283,EMBAKASI NORTH,76cc9820-52a2-5fb7-a82b-a56eeb227f31,1414,DANDORA AREA III,b721553f-96d3-5604-8ee0-402d737101e6,11,DANDORA III CITY COUNCIL HALL
7e645493-0898-5501-8155-e8578b4f5224,47,NAIROBI CITY,b5533abc-a106-5923-8c06-b16f498209f5,283,EMBAKASI NORTH,b76044e8-fbd1-53c7-a76e-af81a996e250,1415,DANDORA AREA IV,84ece9aa-7970-5a7b-bf5a-e38520f74ed2,12,RONALD NGALA PRIMARY SCHOOL
7e645493-0898-5501-8155-e8578b4f5224,47,NAIROBI CITY,b5533abc-a106-5923-8c06-b16f498209f5,283,EMBAKASI NORTH,b76044e8-fbd1-53c7-a76e-af81a996e250,1415,DANDORA AREA IV,85650870-dcb6-5627-9379-de5a8879e10e,13,KINYAGO DANDORA PRIMARY SCHOOL
7e645493-0898-5501-8155-e8578b4f5224,47,NAIROBI CITY,b5533abc-a106-5923-8c06-b16f498209f5,283,EMBAKASI NORTH,b76044e8-fbd1-53c7-a76e-af81a996e250,1415,DANDORA AREA IV,4f0f0474-6922-5086-a90a-ad3b4f0b57ad,14,USHIRIKA SECONDARY SCHOOL
7e645493-0898-5501-8155-e8578b4f5224,47,NAIROBI CITY,1e89a2e6-66b6-5c6d-a230-a1bc4e768133,284,EMBAKASI CENTRAL,567a4156-0b54-5e43-9a5c-caab1d050419,1416,KAYOLE NORTH,0fbec13e-05ca-5a00-84d4-f9372c6d1d0d,1,KAYOLE 1 PRIMARY SCHOOL
7e645493-0898-5501-8155-e8578b4f5224,47,NAIROBI CITY,1e89a2e6-66b6-5c6d-a230-a1bc4e768133,284,EMBAKASI CENTRAL,5999d65a-a12c-52fd-ac21-3c715fedece6,1417,KAYOLE CENTRAL,c2b8a037-51be-5781-b4a3-240df7aa7578,2,IMARA PRIMARY SCHOOL
7e645493-0898-5501-8155-e8578b4f5224,47,NAIROBI CITY,1e89a2e6-66b6-5c6d-a230-a1bc4e768133,284,EMBAKASI CENTRAL,5999d65a-a12c-52fd-ac21-3c715fedece6,1417,KAYOLE CENTRAL,4dbf7c2c-f950-5742-9d19-5bbb15d1a42f,3,BONDENI PRIMARY SCHOOL
7e645493-0898-5501-8155-e8578b4f5224,47,NAIROBI CITY,1e89a2e6-66b6-5c6d-a230-a1bc4e768133,284,EMBAKASI CENTRAL,8e0ee8c0-ca6e-5c03-b4b8-eff963dc2916,1418,KAYOLE SOUTH,f31f1abf-d221-5024-b175-3c46168756a4,4,THAWABU PRIMARY SCHOOL
7e645493-0898-5501-8155-e8578b4f5224,47,NAIROBI CITY,1e89a2e6-66b6-5c6d-a230-a1bc4e768133,284,EMBAKASI CENTRAL,8e0ee8c0-ca6e-5c03-b4b8-eff963dc2916,1418,KAYOLE SOUTH,1ff9a81b-74f8-5474-8210-d068657aabc6,5,MWANGAZA PRIMARY SCHOOL
7e645493-0898-5501-8155-e8578b4f5224,47,NAIROBI CITY,1e89a2e6-66b6-5c6d-a230-a1bc4e768133,284,EMBAKASI CENTRAL,8e0ee8c0-ca6e-5c03-b4b8-eff963dc2916,1418,KAYOLE SOUTH,7d969265-a67f-5460-a399-0d9910974697,6,MWANGAZA SECONDARY SCHOOL
7e645493-0898-5501-8155-e8578b4f5224,47,NAIROBI CITY,1e89a2e6-66b6-5c6d-a230-a1bc4e768133,284,EMBAKASI CENTRAL,2117785c-b6d0-57c8-84a4-311f1a01c9a1,1419,KOMAROCK,7dd233fc-e59f-5070-84eb-bff411363744,7,THE KOMAROCK SCHOOL
7e645493-0898-5501-8155-e8578b4f5224,47,NAIROBI CITY,1e89a2e6-66b6-5c6d-a230-a1bc4e768133,284,EMBAKASI CENTRAL,2117785c-b6d0-57c8-84a4-311f1a01c9a1,1419,KOMAROCK,81c1fa30-255c-52e1-8446-48413acb205b,8,KOMAROCK PRIMARY SCHOOL
7e645493-0898-5501-8155-e8578b4f5224,47,NAIROBI CITY,1e89a2e6-66b6-5c6d-a230-a1bc4e768133,284,EMBAKASI CENTRAL,2117785c-b6d0-57c8-84a4-311f1a01c9a1,1419,KOMAROCK,01425b13-710c-5265-968f-bd57df06654c,11,KOMAROCK SOUTH PRIMARY SCHOOL
7e645493-0898-5501-8155-e8578b4f5224,47,NAIROBI CITY,1e89a2e6-66b6-5c6d-a230-a1bc4e768133,284,EMBAKASI CENTRAL,2117785c-b6d0-57c8-84a4-311f1a01c9a1,1419,KOMAROCK,723243d1-5a62-5e1e-acf6-d719f0565976,12,EMBAKASI DEPUTY COUNTY COMMISSIONER
7e645493-0898-5501-8155-e8578b4f5224,47,NAIROBI CITY,1e89a2e6-66b6-5c6d-a230-a1bc4e768133,284,EMBAKASI CENTRAL,1bdc33ed-9822-5f55-a7d0-f98a295605dc,1420,MATOPENI/SPRING VALLEY,ec21ab7f-bafe-5ad1-8dda-ebb75a6c90e1,9,KAYOLE NORTH PRIMARY SCHOOL
7e645493-0898-5501-8155-e8578b4f5224,47,NAIROBI CITY,1e89a2e6-66b6-5c6d-a230-a1bc4e768133,284,EMBAKASI CENTRAL,1bdc33ed-9822-5f55-a7d0-f98a295605dc,1420,MATOPENI/SPRING VALLEY,5e566918-7eeb-5b05-84d3-9e2a8a3f6368,10,ESVAK COMMUNITY SCHOOL
7e645493-0898-5501-8155-e8578b4f5224,47,NAIROBI CITY,75209c83-3938-5bde-8e51-99d8311842a6,285,EMBAKASI EAST,2076aba1-4166-5bc9-a428-f7ef1c7c81fa,1421,UPPER SAVANNAH,f72b0985-7cbc-5725-91b4-19c1facb6159,1,DOONHOLM PRIMARY SCHOOL
7e645493-0898-5501-8155-e8578b4f5224,47,NAIROBI CITY,75209c83-3938-5bde-8e51-99d8311842a6,285,EMBAKASI EAST,2076aba1-4166-5bc9-a428-f7ef1c7c81fa,1421,UPPER SAVANNAH,e639353e-7c9a-5344-ab45-4dc3339a65c5,2,GREEN SPAN MALL GROUNDS
7e645493-0898-5501-8155-e8578b4f5224,47,NAIROBI CITY,75209c83-3938-5bde-8e51-99d8311842a6,285,EMBAKASI EAST,2076aba1-4166-5bc9-a428-f7ef1c7c81fa,1421,UPPER SAVANNAH,88f78fbb-3bc2-59b5-9ff2-d5732a045eab,15,"PEFA CHURCH, DONHOLM"
7e645493-0898-5501-8155-e8578b4f5224,47,NAIROBI CITY,75209c83-3938-5bde-8e51-99d8311842a6,285,EMBAKASI EAST,2076aba1-4166-5bc9-a428-f7ef1c7c81fa,1421,UPPER SAVANNAH,75b091cd-8561-5771-a321-b8259e601e24,16,"SDA CHURCH, DONHOLM- PHASE 08"
7e645493-0898-5501-8155-e8578b4f5224,47,NAIROBI CITY,75209c83-3938-5bde-8e51-99d8311842a6,285,EMBAKASI EAST,8b3762c4-57c0-507f-bbf8-ddc5df4fb084,1422,LOWER SAVANNAH,33e0dce9-de11-55f7-a9d3-a949c0df21d3,3,EDELVALE PRIMARY SCHOOL
7e645493-0898-5501-8155-e8578b4f5224,47,NAIROBI CITY,75209c83-3938-5bde-8e51-99d8311842a6,285,EMBAKASI EAST,8b3762c4-57c0-507f-bbf8-ddc5df4fb084,1422,LOWER SAVANNAH,dc3bf1cd-0f22-57af-86bd-b17798ab3f62,4,SOWETO SOCIAL HALL
7e645493-0898-5501-8155-e8578b4f5224,47,NAIROBI CITY,75209c83-3938-5bde-8e51-99d8311842a6,285,EMBAKASI EAST,8b3762c4-57c0-507f-bbf8-ddc5df4fb084,1422,LOWER SAVANNAH,f0f24fd0-f1fa-531a-963e-cb20c85151b3,13,STS. JOACHIM & ANNE CATHOLIC CHURCH
7e645493-0898-5501-8155-e8578b4f5224,47,NAIROBI CITY,75209c83-3938-5bde-8e51-99d8311842a6,285,EMBAKASI EAST,8b3762c4-57c0-507f-bbf8-ddc5df4fb084,1422,LOWER SAVANNAH,f37a0a7b-0bcb-53fb-ab13-a4361bb4907c,17,JACARANDA GROUNDS
7e645493-0898-5501-8155-e8578b4f5224,47,NAIROBI CITY,75209c83-3938-5bde-8e51-99d8311842a6,285,EMBAKASI EAST,b7bbbcef-bb6f-584b-9943-f2fdd4006c40,1423,EMBAKASI,7983084a-3b7a-5b82-b8aa-9ccef3d91f71,5,EMBAKASI SOCIAL HALL
7e645493-0898-5501-8155-e8578b4f5224,47,NAIROBI CITY,75209c83-3938-5bde-8e51-99d8311842a6,285,EMBAKASI EAST,b7bbbcef-bb6f-584b-9943-f2fdd4006c40,1423,EMBAKASI,e41f7a77-3764-5c25-b872-0f06ec4cca4f,6,EMBAKASI PRIMARY SCHOOL
7e645493-0898-5501-8155-e8578b4f5224,47,NAIROBI CITY,75209c83-3938-5bde-8e51-99d8311842a6,285,EMBAKASI EAST,b7bbbcef-bb6f-584b-9943-f2fdd4006c40,1423,EMBAKASI,64673f08-98e6-5578-b3d9-338a08174769,7,TASSIA CATHOLIC PRIMARY SCHOOL
7e645493-0898-5501-8155-e8578b4f5224,47,NAIROBI CITY,75209c83-3938-5bde-8e51-99d8311842a6,285,EMBAKASI EAST,b7bbbcef-bb6f-584b-9943-f2fdd4006c40,1423,EMBAKASI,f8561ec0-8bdf-5255-996a-57cd82e37c71,14,KENYA RAILWAYS STATION EMBAKASI VILLAG
7e645493-0898-5501-8155-e8578b4f5224,47,NAIROBI CITY,75209c83-3938-5bde-8e51-99d8311842a6,285,EMBAKASI EAST,b7bbbcef-bb6f-584b-9943-f2fdd4006c40,1423,EMBAKASI,916d2b16-594d-5bb9-b5c4-253a8e72d375,19,"JESUS FELLOWSHIP CHURCH, KWA NDEGE"
7e645493-0898-5501-8155-e8578b4f5224,47,NAIROBI CITY,75209c83-3938-5bde-8e51-99d8311842a6,285,EMBAKASI EAST,b7bbbcef-bb6f-584b-9943-f2fdd4006c40,1423,EMBAKASI,943bd438-e5de-5c19-93a8-b90548657091,20,TASSIA CHIEF'S CAMP
7e645493-0898-5501-8155-e8578b4f5224,47,NAIROBI CITY,75209c83-3938-5bde-8e51-99d8311842a6,285,EMBAKASI EAST,b7bbbcef-bb6f-584b-9943-f2fdd4006c40,1423,EMBAKASI,ed136489-b31f-5071-aba1-ce7333b4d881,21,"NYAYO ESTATE, GATE A GROUNDS"
7e645493-0898-5501-8155-e8578b4f5224,47,NAIROBI CITY,75209c83-3938-5bde-8e51-99d8311842a6,285,EMBAKASI EAST,9c32463e-bc06-51cd-ae04-5250c3d6ab7d,1424,UTAWALA,1820d768-b3c0-52e9-b798-e1a28019e9d0,8,UTAWALA ACADEMY
7e645493-0898-5501-8155-e8578b4f5224,47,NAIROBI CITY,75209c83-3938-5bde-8e51-99d8311842a6,285,EMBAKASI EAST,9c32463e-bc06-51cd-ae04-5250c3d6ab7d,1424,UTAWALA,d5693be5-b16f-525d-8744-4c1546e5613e,9,EAST AFRICAN SCHOOL OF AVIATION
7e645493-0898-5501-8155-e8578b4f5224,47,NAIROBI CITY,75209c83-3938-5bde-8e51-99d8311842a6,285,EMBAKASI EAST,9c32463e-bc06-51cd-ae04-5250c3d6ab7d,1424,UTAWALA,c86d06f2-2938-5709-9fa5-993878c29e21,22,FAGILIA STAGE/ GROUNDS
7e645493-0898-5501-8155-e8578b4f5224,47,NAIROBI CITY,75209c83-3938-5bde-8e51-99d8311842a6,285,EMBAKASI EAST,9c32463e-bc06-51cd-ae04-5250c3d6ab7d,1424,UTAWALA,50fde331-6e9b-5ee1-8705-31d1a3c61e01,23,KING'S OUTREACH CHURCH
7e645493-0898-5501-8155-e8578b4f5224,47,NAIROBI CITY,75209c83-3938-5bde-8e51-99d8311842a6,285,EMBAKASI EAST,503627c5-f060-5a28-a3d9-f6c6676b0a72,1425,MIHANGO,52629e8f-ca6b-5f0c-b108-0cfaa5386799,10,MAUA PRIMARY SCHOOL
7e645493-0898-5501-8155-e8578b4f5224,47,NAIROBI CITY,75209c83-3938-5bde-8e51-99d8311842a6,285,EMBAKASI EAST,503627c5-f060-5a28-a3d9-f6c6676b0a72,1425,MIHANGO,8ef64db8-bb21-5216-9cff-3076575fdb0d,11,MIHANG'O PRIMARY SCHOOL
7e645493-0898-5501-8155-e8578b4f5224,47,NAIROBI CITY,75209c83-3938-5bde-8e51-99d8311842a6,285,EMBAKASI EAST,503627c5-f060-5a28-a3d9-f6c6676b0a72,1425,MIHANGO,90a47376-1b91-52b3-92f2-5ce5ce1a76df,12,IMMACULATE PRIMARY SCHOOL
7e645493-0898-5501-8155-e8578b4f5224,47,NAIROBI CITY,75209c83-3938-5bde-8e51-99d8311842a6,285,EMBAKASI EAST,503627c5-f060-5a28-a3d9-f6c6676b0a72,1425,MIHANGO,e5fbb50a-7930-5456-b656-7dd7c77101f7,24,MIHANG'O SECONDARY SCHOOL
7e645493-0898-5501-8155-e8578b4f5224,47,NAIROBI CITY,75209c83-3938-5bde-8e51-99d8311842a6,285,EMBAKASI EAST,503627c5-f060-5a28-a3d9-f6c6676b0a72,1425,MIHANGO,9ea63758-1f72-581c-9024-6713a7d55646,25,ASSUMPTION HIGH SCHOOL
7e645493-0898-5501-8155-e8578b4f5224,47,NAIROBI CITY,75209c83-3938-5bde-8e51-99d8311842a6,285,EMBAKASI EAST,503627c5-f060-5a28-a3d9-f6c6676b0a72,1425,MIHANGO,1bb53318-5d34-5869-ba0e-bc6750387fb0,26,KARAGITA STADIUM
7e645493-0898-5501-8155-e8578b4f5224,47,NAIROBI CITY,69a1bd75-7eb2-5bb6-9acb-8a34135e188f,286,EMBAKASI WEST,4c43c819-3821-58f0-a748-d897e5bc0eae,1426,UMOJA I,1abce1ee-1817-5752-b350-a5093e9b3892,1,UMOJA 1 PRIMARY SCHOOL
7e645493-0898-5501-8155-e8578b4f5224,47,NAIROBI CITY,69a1bd75-7eb2-5bb6-9acb-8a34135e188f,286,EMBAKASI WEST,cabd9f2f-588c-5229-9df0-eec9023cf53c,1427,UMOJA II,43a62ffc-048c-5991-ac8a-096112b0b990,2,BUSARA PRIMARY SCHOOL
7e645493-0898-5501-8155-e8578b4f5224,47,NAIROBI CITY,69a1bd75-7eb2-5bb6-9acb-8a34135e188f,286,EMBAKASI WEST,cabd9f2f-588c-5229-9df0-eec9023cf53c,1427,UMOJA II,be00185b-7e80-5207-8955-4a3054fb9b18,3,UNITY PRIMARY SCHOOL
7e645493-0898-5501-8155-e8578b4f5224,47,NAIROBI CITY,69a1bd75-7eb2-5bb6-9acb-8a34135e188f,286,EMBAKASI WEST,cabd9f2f-588c-5229-9df0-eec9023cf53c,1427,UMOJA II,76b03ac6-af6c-5344-9133-258fd981c414,4,KIFARU PRIMARY SCHOOL
7e645493-0898-5501-8155-e8578b4f5224,47,NAIROBI CITY,69a1bd75-7eb2-5bb6-9acb-8a34135e188f,286,EMBAKASI WEST,cabd9f2f-588c-5229-9df0-eec9023cf53c,1427,UMOJA II,f5e63df9-2531-5104-891e-5eac9f6bc5fa,5,TUMAINI PRIMARY SCHOOL
7e645493-0898-5501-8155-e8578b4f5224,47,NAIROBI CITY,69a1bd75-7eb2-5bb6-9acb-8a34135e188f,286,EMBAKASI WEST,e9320457-e82e-5697-aeb0-8641c9e3a0ca,1428,MOWLEM,b4ed3819-da1c-562c-bab1-6f5bedff3a9d,6,SUPALOAF PRIMARY
7e645493-0898-5501-8155-e8578b4f5224,47,NAIROBI CITY,69a1bd75-7eb2-5bb6-9acb-8a34135e188f,286,EMBAKASI WEST,b1578c71-1020-5086-8f3b-15c7f6d1a686,1429,KARIOBANGI SOUTH,acb7ab69-190b-5fe2-9a43-436453af6ab8,7,KARIOBANGI SOUTH PRIMARY SCHOOL
7e645493-0898-5501-8155-e8578b4f5224,47,NAIROBI CITY,69a1bd75-7eb2-5bb6-9acb-8a34135e188f,286,EMBAKASI WEST,b1578c71-1020-5086-8f3b-15c7f6d1a686,1429,KARIOBANGI SOUTH,630f3c0c-f99e-5afc-a30e-4a9df6c442a5,8,DR. MWENJE SECONDARY SCHOOL
7e645493-0898-5501-8155-e8578b4f5224,47,NAIROBI CITY,69a1bd75-7eb2-5bb6-9acb-8a34135e188f,286,EMBAKASI WEST,b1578c71-1020-5086-8f3b-15c7f6d1a686,1429,KARIOBANGI SOUTH,d2567df8-31fe-51a4-9d9c-394d173ba3d1,9,UHURU PRIMARY SCHOOL
7e645493-0898-5501-8155-e8578b4f5224,47,NAIROBI CITY,69a1bd75-7eb2-5bb6-9acb-8a34135e188f,286,EMBAKASI WEST,b1578c71-1020-5086-8f3b-15c7f6d1a686,1429,KARIOBANGI SOUTH,d40ff23c-ef53-5628-aa25-3be70ffa46c2,10,BURUBURU I PRIMARY SCHOOL
7e645493-0898-5501-8155-e8578b4f5224,47,NAIROBI CITY,69a1bd75-7eb2-5bb6-9acb-8a34135e188f,286,EMBAKASI WEST,b1578c71-1020-5086-8f3b-15c7f6d1a686,1429,KARIOBANGI SOUTH,1ad01f72-88f6-5005-9d32-870bbd478787,11,NAIROBI RIVER PRIMARY SCHOOL
7e645493-0898-5501-8155-e8578b4f5224,47,NAIROBI CITY,11700b5e-c0d1-552e-a0a1-ba56211ca85c,287,MAKADARA,abb801d0-80b7-576f-8a68-4cfe0c19965f,1430,MARINGO/HAMZA,4e832f50-c525-5103-827c-8105c911d69b,1,DR. KRAPF PRIMARY SCHOOL
7e645493-0898-5501-8155-e8578b4f5224,47,NAIROBI CITY,11700b5e-c0d1-552e-a0a1-ba56211ca85c,287,MAKADARA,abb801d0-80b7-576f-8a68-4cfe0c19965f,1430,MARINGO/HAMZA,263f9de9-e2e0-59db-80f3-0e6e0b5644b3,2,ST. PATRICKS PRIMARY SCHOOL
7e645493-0898-5501-8155-e8578b4f5224,47,NAIROBI CITY,11700b5e-c0d1-552e-a0a1-ba56211ca85c,287,MAKADARA,abb801d0-80b7-576f-8a68-4cfe0c19965f,1430,MARINGO/HAMZA,a614001d-b4de-55d8-b5f9-9d44d871bb54,3,ST MICHAELS PRIMARY SCHOOL
7e645493-0898-5501-8155-e8578b4f5224,47,NAIROBI CITY,11700b5e-c0d1-552e-a0a1-ba56211ca85c,287,MAKADARA,abb801d0-80b7-576f-8a68-4cfe0c19965f,1430,MARINGO/HAMZA,8ccabde0-0fb5-56c9-b8c4-d2ec082d65de,4,MARTIN LUTHER PRIMARY SCHOOL
7e645493-0898-5501-8155-e8578b4f5224,47,NAIROBI CITY,11700b5e-c0d1-552e-a0a1-ba56211ca85c,287,MAKADARA,abb801d0-80b7-576f-8a68-4cfe0c19965f,1430,MARINGO/HAMZA,7e18035f-d048-59f4-9f0f-dd98c2145705,5,BAHATI PRIMARY SCHOOL
7e645493-0898-5501-8155-e8578b4f5224,47,NAIROBI CITY,11700b5e-c0d1-552e-a0a1-ba56211ca85c,287,MAKADARA,abb801d0-80b7-576f-8a68-4cfe0c19965f,1430,MARINGO/HAMZA,c7f11386-7f7a-587b-a7ae-5d1148411add,6,MORRISON PRIMARY SCHOOL
7e645493-0898-5501-8155-e8578b4f5224,47,NAIROBI CITY,11700b5e-c0d1-552e-a0a1-ba56211ca85c,287,MAKADARA,abb801d0-80b7-576f-8a68-4cfe0c19965f,1430,MARINGO/HAMZA,63bc5955-4cfd-5163-a519-a9eeb2c442be,7,DR. LIVINGSTONE PRIMARY SCHOOL
7e645493-0898-5501-8155-e8578b4f5224,47,NAIROBI CITY,11700b5e-c0d1-552e-a0a1-ba56211ca85c,287,MAKADARA,abb801d0-80b7-576f-8a68-4cfe0c19965f,1430,MARINGO/HAMZA,2b7271dc-42c4-5aa3-b140-e6a04d0d4836,8,ST. ANNES GIRLS PRIMARY SCHOOL
7e645493-0898-5501-8155-e8578b4f5224,47,NAIROBI CITY,11700b5e-c0d1-552e-a0a1-ba56211ca85c,287,MAKADARA,7ed60547-1fef-5e36-8ca5-f15723221079,1431,VIWANDANI,42760fa5-fa0a-5a38-9b05-421992a27b54,9,ST. ELIZABETH PRIMARY SCHOOL
7e645493-0898-5501-8155-e8578b4f5224,47,NAIROBI CITY,11700b5e-c0d1-552e-a0a1-ba56211ca85c,287,MAKADARA,7ed60547-1fef-5e36-8ca5-f15723221079,1431,VIWANDANI,bed73f6a-2d14-5cb7-b5f8-55dca9d07642,10,STAR OF HOPE PRIMARY SCHOOL
7e645493-0898-5501-8155-e8578b4f5224,47,NAIROBI CITY,11700b5e-c0d1-552e-a0a1-ba56211ca85c,287,MAKADARA,7ed60547-1fef-5e36-8ca5-f15723221079,1431,VIWANDANI,5eec8e91-389a-5231-879e-3b3058893fa2,11,BRIDGE INTERNATIONAL ACADEMIES
7e645493-0898-5501-8155-e8578b4f5224,47,NAIROBI CITY,11700b5e-c0d1-552e-a0a1-ba56211ca85c,287,MAKADARA,d2987fdc-5643-5efe-ab7c-39a7ab60777f,1432,HARAMBEE,e5a129c8-eddd-5fb9-bea6-42ce17f7ef03,12,HARAMBEE PRIMARY SCHOOL
7e645493-0898-5501-8155-e8578b4f5224,47,NAIROBI CITY,11700b5e-c0d1-552e-a0a1-ba56211ca85c,287,MAKADARA,d2987fdc-5643-5efe-ab7c-39a7ab60777f,1432,HARAMBEE,217513d6-e3f7-54f3-85a6-a48df1f402de,13,JERICHO SOCIAL HALL
7e645493-0898-5501-8155-e8578b4f5224,47,NAIROBI CITY,11700b5e-c0d1-552e-a0a1-ba56211ca85c,287,MAKADARA,d2987fdc-5643-5efe-ab7c-39a7ab60777f,1432,HARAMBEE,040aec97-3688-55eb-85b3-ab38ce0c371b,14,BURU BURU GIRLS SECONDARY SCHOOL
7e645493-0898-5501-8155-e8578b4f5224,47,NAIROBI CITY,11700b5e-c0d1-552e-a0a1-ba56211ca85c,287,MAKADARA,d2987fdc-5643-5efe-ab7c-39a7ab60777f,1432,HARAMBEE,f2aedde3-0f19-5cbc-be70-ef2aa357680a,15,BIDII PRIMARY SCHOOL
7e645493-0898-5501-8155-e8578b4f5224,47,NAIROBI CITY,11700b5e-c0d1-552e-a0a1-ba56211ca85c,287,MAKADARA,d2987fdc-5643-5efe-ab7c-39a7ab60777f,1432,HARAMBEE,8dc699d5-16eb-564a-8b33-0aba1ed43056,16,BARAKA PRIMARY SCHOOL
7e645493-0898-5501-8155-e8578b4f5224,47,NAIROBI CITY,11700b5e-c0d1-552e-a0a1-ba56211ca85c,287,MAKADARA,d2987fdc-5643-5efe-ab7c-39a7ab60777f,1432,HARAMBEE,a0504446-7242-5ad3-bb62-02051ebb9c73,17,LUMUMBA SOCIAL HALL
7e645493-0898-5501-8155-e8578b4f5224,47,NAIROBI CITY,11700b5e-c0d1-552e-a0a1-ba56211ca85c,287,MAKADARA,d2987fdc-5643-5efe-ab7c-39a7ab60777f,1432,HARAMBEE,cde5ced1-45c3-5fbb-bcd0-adfc01c89305,18,RABAI ROAD PRIMARY SCHOOL
7e645493-0898-5501-8155-e8578b4f5224,47,NAIROBI CITY,11700b5e-c0d1-552e-a0a1-ba56211ca85c,287,MAKADARA,0365c5c7-0e5c-574b-bf2f-7f339a8b2770,1433,MAKONGENI,786379c3-e6eb-51c9-916a-4c414436cffb,19,ST. PAUL'S PRIMARY SCHOOL
7e645493-0898-5501-8155-e8578b4f5224,47,NAIROBI CITY,11700b5e-c0d1-552e-a0a1-ba56211ca85c,287,MAKADARA,0365c5c7-0e5c-574b-bf2f-7f339a8b2770,1433,MAKONGENI,c120f555-2bf1-5bfe-8092-37e608f1a11a,20,MAKONGENI PRIMARY SCHOOL
7e645493-0898-5501-8155-e8578b4f5224,47,NAIROBI CITY,11700b5e-c0d1-552e-a0a1-ba56211ca85c,287,MAKADARA,0365c5c7-0e5c-574b-bf2f-7f339a8b2770,1433,MAKONGENI,17160a35-6b2a-5f9c-8d7a-2bfdb7f2f210,21,JOSEPH APUDO PRIMARY SCHOOL.
7e645493-0898-5501-8155-e8578b4f5224,47,NAIROBI CITY,11700b5e-c0d1-552e-a0a1-ba56211ca85c,287,MAKADARA,0365c5c7-0e5c-574b-bf2f-7f339a8b2770,1433,MAKONGENI,ec4621d8-3d53-5375-8981-efe9d273276f,22,ST JOHN'S PRIMARY SCHOOL
7e645493-0898-5501-8155-e8578b4f5224,47,NAIROBI CITY,11700b5e-c0d1-552e-a0a1-ba56211ca85c,287,MAKADARA,0365c5c7-0e5c-574b-bf2f-7f339a8b2770,1433,MAKONGENI,525a582d-3a24-5c11-b368-3f598900f5e0,23,KALOLENI PRIMARY SCHOOL
7e645493-0898-5501-8155-e8578b4f5224,47,NAIROBI CITY,e72638ff-eb9b-5ce0-bf02-4921080c8acd,288,KAMUKUNJI,0e75b4f0-70e4-5436-a087-b51f64f0aca4,1434,PUMWANI,efb289fe-d47b-50e4-9ec7-9608196eddd3,1,MUTHURWA PRIMARY SCHOOL
7e645493-0898-5501-8155-e8578b4f5224,47,NAIROBI CITY,e72638ff-eb9b-5ce0-bf02-4921080c8acd,288,KAMUKUNJI,0e75b4f0-70e4-5436-a087-b51f64f0aca4,1434,PUMWANI,208a9ec3-e745-5667-b106-2f06a6772b21,2,KAMUKUNJI SECONDARY SCHOOL
7e645493-0898-5501-8155-e8578b4f5224,47,NAIROBI CITY,e72638ff-eb9b-5ce0-bf02-4921080c8acd,288,KAMUKUNJI,0e75b4f0-70e4-5436-a087-b51f64f0aca4,1434,PUMWANI,d40da09d-923b-5d0a-9156-81d70c8e1fc7,3,OUR LADY OF MERCY PRIMARY SCHOOL
7e645493-0898-5501-8155-e8578b4f5224,47,NAIROBI CITY,e72638ff-eb9b-5ce0-bf02-4921080c8acd,288,KAMUKUNJI,0e75b4f0-70e4-5436-a087-b51f64f0aca4,1434,PUMWANI,73bdd673-3a49-51bc-a225-82492262a669,4,HESHIMA PRIMARY SCHOOL
7e645493-0898-5501-8155-e8578b4f5224,47,NAIROBI CITY,e72638ff-eb9b-5ce0-bf02-4921080c8acd,288,KAMUKUNJI,0e75b4f0-70e4-5436-a087-b51f64f0aca4,1434,PUMWANI,030280a0-143f-593f-bbad-7f0b9943a56f,5,PUMWANI SOCIAL HALL
7e645493-0898-5501-8155-e8578b4f5224,47,NAIROBI CITY,e72638ff-eb9b-5ce0-bf02-4921080c8acd,288,KAMUKUNJI,0e75b4f0-70e4-5436-a087-b51f64f0aca4,1434,PUMWANI,77bd09e6-029e-5912-acb9-fac1e04ed27c,6,CHILD SURVIVAL PRIMARY SCHOOL
7e645493-0898-5501-8155-e8578b4f5224,47,NAIROBI CITY,e72638ff-eb9b-5ce0-bf02-4921080c8acd,288,KAMUKUNJI,0e75b4f0-70e4-5436-a087-b51f64f0aca4,1434,PUMWANI,adccfda3-2106-50de-9dca-60dc540589e0,7,PUMWANI HEALTH CENTER
7e645493-0898-5501-8155-e8578b4f5224,47,NAIROBI CITY,e72638ff-eb9b-5ce0-bf02-4921080c8acd,288,KAMUKUNJI,0e75b4f0-70e4-5436-a087-b51f64f0aca4,1434,PUMWANI,fa01c74c-66dc-5519-824b-882c03d98a12,17,ST. JOHN'S PRIMARY SCHOOL
7e645493-0898-5501-8155-e8578b4f5224,47,NAIROBI CITY,e72638ff-eb9b-5ce0-bf02-4921080c8acd,288,KAMUKUNJI,0e75b4f0-70e4-5436-a087-b51f64f0aca4,1434,PUMWANI,080df129-02ca-56f1-bb80-f7a9b283e725,18,QUARY ROAD NEW GIKOMBA MARKET COM
7e645493-0898-5501-8155-e8578b4f5224,47,NAIROBI CITY,e72638ff-eb9b-5ce0-bf02-4921080c8acd,288,KAMUKUNJI,0e75b4f0-70e4-5436-a087-b51f64f0aca4,1434,PUMWANI,752f32cf-031c-51f0-81a4-f055b19c44c8,19,OUR LADY OF MERCY GIRLS SECONDARY SCH
7e645493-0898-5501-8155-e8578b4f5224,47,NAIROBI CITY,e72638ff-eb9b-5ce0-bf02-4921080c8acd,288,KAMUKUNJI,91b86293-5f82-50b2-9243-3e69bfacce4f,1435,EASTLEIGH NORTH,e35ee31b-d4c6-57d2-8783-38f1416dbe4f,8,NEW EASTLEIGH PRIMARY SCHOOL
7e645493-0898-5501-8155-e8578b4f5224,47,NAIROBI CITY,e72638ff-eb9b-5ce0-bf02-4921080c8acd,288,KAMUKUNJI,91b86293-5f82-50b2-9243-3e69bfacce4f,1435,EASTLEIGH NORTH,0a5ee2fe-8ed2-503a-853b-a1209e92d4da,9,EASTLEIGH HIGH SCHOOL
7e645493-0898-5501-8155-e8578b4f5224,47,NAIROBI CITY,e72638ff-eb9b-5ce0-bf02-4921080c8acd,288,KAMUKUNJI,91b86293-5f82-50b2-9243-3e69bfacce4f,1435,EASTLEIGH NORTH,f8c61b45-467e-510f-ba34-6b5ccaaa5ea3,10,ST.TERESA'S BOYS PRIMARY SCHOOL
7e645493-0898-5501-8155-e8578b4f5224,47,NAIROBI CITY,e72638ff-eb9b-5ce0-bf02-4921080c8acd,288,KAMUKUNJI,8a1811cc-e9c5-56b9-a0e8-6aef94132a54,1436,EASTLEIGH SOUTH,e25434a0-14cf-5f1b-92e0-2ae518acf572,11,ZAWADI PRIMARY SCHOOL
7e645493-0898-5501-8155-e8578b4f5224,47,NAIROBI CITY,e72638ff-eb9b-5ce0-bf02-4921080c8acd,288,KAMUKUNJI,8a1811cc-e9c5-56b9-a0e8-6aef94132a54,1436,EASTLEIGH SOUTH,4c480004-c25d-55c7-9b29-513def064e91,12,KIAMBIU SOCIAL HALL
7e645493-0898-5501-8155-e8578b4f5224,47,NAIROBI CITY,e72638ff-eb9b-5ce0-bf02-4921080c8acd,288,KAMUKUNJI,c5c5fa2d-dd4e-505d-992f-df6d02fef286,1437,AIRBASE,dec05ea4-c7fd-5801-9727-e0d2274378f9,13,EASTLEIGH AIRPORT PRIMARY SCHOOL
7e645493-0898-5501-8155-e8578b4f5224,47,NAIROBI CITY,e72638ff-eb9b-5ce0-bf02-4921080c8acd,288,KAMUKUNJI,c5c5fa2d-dd4e-505d-992f-df6d02fef286,1437,AIRBASE,3e963333-8251-533e-9ac9-3796df6639aa,14,MAINA WANJIGI SECONDARY SCHOOL
7e645493-0898-5501-8155-e8578b4f5224,47,NAIROBI CITY,e72638ff-eb9b-5ce0-bf02-4921080c8acd,288,KAMUKUNJI,8c6a5bee-14c5-560f-8815-028a82b7bee3,1438,CALIFORNIA,1838b233-2145-57aa-a76e-730631d11105,15,NEW PUMWANI PRIMARY SCHOOL
7e645493-0898-5501-8155-e8578b4f5224,47,NAIROBI CITY,e72638ff-eb9b-5ce0-bf02-4921080c8acd,288,KAMUKUNJI,8c6a5bee-14c5-560f-8815-028a82b7bee3,1438,CALIFORNIA,d7de0288-76b7-5b08-bdcc-342addc1cd6c,16,BIAFRA HEALTH CENTER
7e645493-0898-5501-8155-e8578b4f5224,47,NAIROBI CITY,e2ba3adb-5a5b-5d9b-b6b9-27409a86d661,289,STAREHE,56392e46-af8b-58c4-a513-65a6c229b77a,1439,NAIROBI CENTRAL,e8502846-8e80-516c-9342-f438d7eddfbe,1,MOI AVENUE PRIMARY SCHOOL
7e645493-0898-5501-8155-e8578b4f5224,47,NAIROBI CITY,e2ba3adb-5a5b-5d9b-b6b9-27409a86d661,289,STAREHE,56392e46-af8b-58c4-a513-65a6c229b77a,1439,NAIROBI CENTRAL,0c049f14-b13b-5756-8735-fcda8e7fc9b0,3,KENYA POLYTECHNIC UNIVERSITY
7e645493-0898-5501-8155-e8578b4f5224,47,NAIROBI CITY,e2ba3adb-5a5b-5d9b-b6b9-27409a86d661,289,STAREHE,56392e46-af8b-58c4-a513-65a6c229b77a,1439,NAIROBI CENTRAL,c491dd3f-32b9-54df-86d2-614326fbb0dc,4,ST. PETER CLAVERS PRIMARY SCHOOL
7e645493-0898-5501-8155-e8578b4f5224,47,NAIROBI CITY,e2ba3adb-5a5b-5d9b-b6b9-27409a86d661,289,STAREHE,56392e46-af8b-58c4-a513-65a6c229b77a,1439,NAIROBI CENTRAL,506ccd5e-12d6-5932-bbc0-461f25fdf741,6,MUTHURWA MARKET
7e645493-0898-5501-8155-e8578b4f5224,47,NAIROBI CITY,e2ba3adb-5a5b-5d9b-b6b9-27409a86d661,289,STAREHE,56392e46-af8b-58c4-a513-65a6c229b77a,1439,NAIROBI CENTRAL,a3587e16-d012-5475-a64b-18a6cb754cdb,28,KENYATTA INTERNATIONAL CONVENTION C
7e645493-0898-5501-8155-e8578b4f5224,47,NAIROBI CITY,e2ba3adb-5a5b-5d9b-b6b9-27409a86d661,289,STAREHE,56392e46-af8b-58c4-a513-65a6c229b77a,1439,NAIROBI CENTRAL,42f05c39-b1f5-5427-bebf-3ccde837b6f6,29,BUS STATION GROUNDS BEHIND AFYA CENT
7e645493-0898-5501-8155-e8578b4f5224,47,NAIROBI CITY,e2ba3adb-5a5b-5d9b-b6b9-27409a86d661,289,STAREHE,56392e46-af8b-58c4-a513-65a6c229b77a,1439,NAIROBI CENTRAL,5bf5ddeb-5917-5afe-b4e1-cb12fef669b7,30,UKULIMA MARKET
7e645493-0898-5501-8155-e8578b4f5224,47,NAIROBI CITY,e2ba3adb-5a5b-5d9b-b6b9-27409a86d661,289,STAREHE,56392e46-af8b-58c4-a513-65a6c229b77a,1439,NAIROBI CENTRAL,3cb85993-b25d-5a50-9ffc-4c27067327a4,31,ISLAMIA PRIMARY SHOOL
7e645493-0898-5501-8155-e8578b4f5224,47,NAIROBI CITY,e2ba3adb-5a5b-5d9b-b6b9-27409a86d661,289,STAREHE,8ec320f2-f531-5252-a10e-6cf912ad7481,1440,NGARA,36154956-11f7-5563-8313-18964d5b79a5,7,JAMUHURI HIGH SCHOOL
7e645493-0898-5501-8155-e8578b4f5224,47,NAIROBI CITY,e2ba3adb-5a5b-5d9b-b6b9-27409a86d661,289,STAREHE,8ec320f2-f531-5252-a10e-6cf912ad7481,1440,NGARA,4b904e52-47e9-50c3-bdbc-848454e0f7ca,8,CITY PRIMARY SCHOOL
7e645493-0898-5501-8155-e8578b4f5224,47,NAIROBI CITY,e2ba3adb-5a5b-5d9b-b6b9-27409a86d661,289,STAREHE,8ec320f2-f531-5252-a10e-6cf912ad7481,1440,NGARA,0778f959-668f-5033-9b09-876143920777,9,PARKLANDS PRIMARY SCHOOL
7e645493-0898-5501-8155-e8578b4f5224,47,NAIROBI CITY,e2ba3adb-5a5b-5d9b-b6b9-27409a86d661,289,STAREHE,8ec320f2-f531-5252-a10e-6cf912ad7481,1440,NGARA,61e2ee26-ef79-5ce0-a83f-eaffc56da06b,10,PARKROAD PRIMARY SCHOOL
7e645493-0898-5501-8155-e8578b4f5224,47,NAIROBI CITY,e2ba3adb-5a5b-5d9b-b6b9-27409a86d661,289,STAREHE,8ec320f2-f531-5252-a10e-6cf912ad7481,1440,NGARA,af0394d2-6da8-52c9-b116-c55c17b1aabf,11,RIVERBANK PRIMARY SCHOOL
7e645493-0898-5501-8155-e8578b4f5224,47,NAIROBI CITY,e2ba3adb-5a5b-5d9b-b6b9-27409a86d661,289,STAREHE,8ec320f2-f531-5252-a10e-6cf912ad7481,1440,NGARA,b035c5f0-cf6c-5ad4-b8aa-5090351d693c,12,MURANG'A ROAD PRIMARY SCHOOL
7e645493-0898-5501-8155-e8578b4f5224,47,NAIROBI CITY,e2ba3adb-5a5b-5d9b-b6b9-27409a86d661,289,STAREHE,5ea5d213-d71b-5d5d-9e11-870262a9e402,1441,PANGANI,1490750a-dea0-53e2-913d-8c9c24dfda7e,13,PANGANI GIRLS HIGH SCHOOL
7e645493-0898-5501-8155-e8578b4f5224,47,NAIROBI CITY,e2ba3adb-5a5b-5d9b-b6b9-27409a86d661,289,STAREHE,5ea5d213-d71b-5d5d-9e11-870262a9e402,1441,PANGANI,9cc784cf-cb16-5c99-bd04-5071c77b084e,14,JUJA ROAD PRIMARY SCHOOL
7e645493-0898-5501-8155-e8578b4f5224,47,NAIROBI CITY,e2ba3adb-5a5b-5d9b-b6b9-27409a86d661,289,STAREHE,5ea5d213-d71b-5d5d-9e11-870262a9e402,1441,PANGANI,53cf0aba-5b10-5d99-b3be-a5fce279a5e3,15,PANGANI PRIMARY SCHOOL
7e645493-0898-5501-8155-e8578b4f5224,47,NAIROBI CITY,e2ba3adb-5a5b-5d9b-b6b9-27409a86d661,289,STAREHE,5ea5d213-d71b-5d5d-9e11-870262a9e402,1441,PANGANI,9b4ce706-6db3-53cf-9c89-3af5965f556b,16,AINSWORTH PRIMARY SCHOOL
7e645493-0898-5501-8155-e8578b4f5224,47,NAIROBI CITY,e2ba3adb-5a5b-5d9b-b6b9-27409a86d661,289,STAREHE,7ec63d00-c362-5f0a-9af4-1a96a2d13acc,1442,ZIWANI/KARIOKOR,c30acde7-6954-5dd4-9379-751881be0189,17,KARIOKOR SOCIAL HALL
7e645493-0898-5501-8155-e8578b4f5224,47,NAIROBI CITY,e2ba3adb-5a5b-5d9b-b6b9-27409a86d661,289,STAREHE,7ec63d00-c362-5f0a-9af4-1a96a2d13acc,1442,ZIWANI/KARIOKOR,13c7ebb8-3f2e-5702-9660-e51b4a66574b,18,PUMWANI SECONDARY SCHOOL
7e645493-0898-5501-8155-e8578b4f5224,47,NAIROBI CITY,e2ba3adb-5a5b-5d9b-b6b9-27409a86d661,289,STAREHE,7ec63d00-c362-5f0a-9af4-1a96a2d13acc,1442,ZIWANI/KARIOKOR,aceea485-6344-59a7-86c1-db2c801ca110,32,MWARIRO MARKET
7e645493-0898-5501-8155-e8578b4f5224,47,NAIROBI CITY,e2ba3adb-5a5b-5d9b-b6b9-27409a86d661,289,STAREHE,bbf60ed8-c42a-5f7a-a489-f8702a293a45,1443,LANDIMAWE,c7472017-de5b-55eb-b25f-c37a8aae1b2c,19,GOVERNMENT VEHICLE INSPECTION UNIT
7e645493-0898-5501-8155-e8578b4f5224,47,NAIROBI CITY,e2ba3adb-5a5b-5d9b-b6b9-27409a86d661,289,STAREHE,bbf60ed8-c42a-5f7a-a489-f8702a293a45,1443,LANDIMAWE,954c2049-31d4-5fea-b2bc-7ce42a9b0a82,20,MUKURU KAIYABA PRIMARY SCHOOL
7e645493-0898-5501-8155-e8578b4f5224,47,NAIROBI CITY,e2ba3adb-5a5b-5d9b-b6b9-27409a86d661,289,STAREHE,bbf60ed8-c42a-5f7a-a489-f8702a293a45,1443,LANDIMAWE,e7005bf9-3d64-525f-baf9-ef54b9af157a,21,LABOUR OFFICE
7e645493-0898-5501-8155-e8578b4f5224,47,NAIROBI CITY,e2ba3adb-5a5b-5d9b-b6b9-27409a86d661,289,STAREHE,ec2f3778-94e1-5eac-9335-d1e4dec26298,1444,NAIROBI SOUTH,c2b9114f-bed6-5397-8360-3cb7b8b3ddc9,22,PLAINSVIEW PRIMARY SCHOOL
7e645493-0898-5501-8155-e8578b4f5224,47,NAIROBI CITY,e2ba3adb-5a5b-5d9b-b6b9-27409a86d661,289,STAREHE,ec2f3778-94e1-5eac-9335-d1e4dec26298,1444,NAIROBI SOUTH,79584af9-f4d5-5d8f-bd94-975fe5f87b53,23,MARIAKANI PRIMARY SCHOOL
7e645493-0898-5501-8155-e8578b4f5224,47,NAIROBI CITY,e2ba3adb-5a5b-5d9b-b6b9-27409a86d661,289,STAREHE,ec2f3778-94e1-5eac-9335-d1e4dec26298,1444,NAIROBI SOUTH,98df2874-5f21-5eeb-8b2d-9e272fac4b1b,24,OUR LADY OF MERCY SECONDARY SCHOOL
7e645493-0898-5501-8155-e8578b4f5224,47,NAIROBI CITY,e2ba3adb-5a5b-5d9b-b6b9-27409a86d661,289,STAREHE,ec2f3778-94e1-5eac-9335-d1e4dec26298,1444,NAIROBI SOUTH,fe84cb8c-7d50-51f1-90c4-7d1a400c1993,25,HIGHWAY SECONDARY SCHOOL
7e645493-0898-5501-8155-e8578b4f5224,47,NAIROBI CITY,e2ba3adb-5a5b-5d9b-b6b9-27409a86d661,289,STAREHE,ec2f3778-94e1-5eac-9335-d1e4dec26298,1444,NAIROBI SOUTH,5afeddac-a04c-5171-a1e2-d7a0bf033e1e,26,NAIROBI SOUTH PRIMARY SCHOOL
7e645493-0898-5501-8155-e8578b4f5224,47,NAIROBI CITY,e2ba3adb-5a5b-5d9b-b6b9-27409a86d661,289,STAREHE,ec2f3778-94e1-5eac-9335-d1e4dec26298,1444,NAIROBI SOUTH,4a5f13e8-93b9-5031-9d6b-44dfd0478729,27,OUR LADY OF MERCY PRIMARY SCHOOL
7e645493-0898-5501-8155-e8578b4f5224,47,NAIROBI CITY,2164913b-5913-5e69-b505-9547adf73cda,290,MATHARE,89558822-756a-5827-a50f-f724e6d0e3fa,1445,HOSPITAL,5cd1b3ce-af71-5807-802d-90a78563c35a,1,OLD MATHARE PRIMARY SCHOOL
7e645493-0898-5501-8155-e8578b4f5224,47,NAIROBI CITY,2164913b-5913-5e69-b505-9547adf73cda,290,MATHARE,89558822-756a-5827-a50f-f724e6d0e3fa,1445,HOSPITAL,15365c9d-3caa-5a9b-9769-68cc622fac6f,14,MATHARI MIXED SECONDARY SCHOOL
7e645493-0898-5501-8155-e8578b4f5224,47,NAIROBI CITY,2164913b-5913-5e69-b505-9547adf73cda,290,MATHARE,40a1080e-5469-5b74-91d9-92be715a9486,1446,MABATINI,59003c7d-0eb8-545d-af9e-305f9981e72b,2,MATHARE YOUTH POLYTECNIC
7e645493-0898-5501-8155-e8578b4f5224,47,NAIROBI CITY,2164913b-5913-5e69-b505-9547adf73cda,290,MATHARE,40a1080e-5469-5b74-91d9-92be715a9486,1446,MABATINI,5ac5043d-ae7d-552e-a842-9d259431deff,3,MATHARE SPECIAL TRAINING SCHOOL
7e645493-0898-5501-8155-e8578b4f5224,47,NAIROBI CITY,2164913b-5913-5e69-b505-9547adf73cda,290,MATHARE,40a1080e-5469-5b74-91d9-92be715a9486,1446,MABATINI,c7dda557-a445-57cf-a475-d0b54a058e44,15,MATHARE DCC GROUND
7e645493-0898-5501-8155-e8578b4f5224,47,NAIROBI CITY,2164913b-5913-5e69-b505-9547adf73cda,290,MATHARE,5f9912c3-21c1-5dea-9c10-7fbe308f357c,1447,HURUMA,f41663e8-4f76-5ea5-89b6-5944d361c55b,4,HURUMA PRIMARY SCHOOL
7e645493-0898-5501-8155-e8578b4f5224,47,NAIROBI CITY,2164913b-5913-5e69-b505-9547adf73cda,290,MATHARE,5f9912c3-21c1-5dea-9c10-7fbe308f357c,1447,HURUMA,c4eb6027-037a-5d3d-9bc0-6fe8ca124b02,5,SALAMA PRIMARY SCHOOL
7e645493-0898-5501-8155-e8578b4f5224,47,NAIROBI CITY,2164913b-5913-5e69-b505-9547adf73cda,290,MATHARE,5f9912c3-21c1-5dea-9c10-7fbe308f357c,1447,HURUMA,f54f12f0-7991-5234-aca7-1b436605e08a,6,DAIMA PRIMARY SCHOOL
7e645493-0898-5501-8155-e8578b4f5224,47,NAIROBI CITY,2164913b-5913-5e69-b505-9547adf73cda,290,MATHARE,5f9912c3-21c1-5dea-9c10-7fbe308f357c,1447,HURUMA,2c12d7a8-079a-568b-8d1a-67e14ceff165,16,HURUMA MIXED SECONDARY SCHOOL
7e645493-0898-5501-8155-e8578b4f5224,47,NAIROBI CITY,2164913b-5913-5e69-b505-9547adf73cda,290,MATHARE,ccbc503d-df45-5d8c-b324-1dc80029de3b,1448,NGEI,3560d876-e779-5261-86ee-b253d7e2efd3,7,LIONS HEALTH CLINIC
7e645493-0898-5501-8155-e8578b4f5224,47,NAIROBI CITY,2164913b-5913-5e69-b505-9547adf73cda,290,MATHARE,ccbc503d-df45-5d8c-b324-1dc80029de3b,1448,NGEI,ae2cf420-4ba5-54c3-aa83-1fd92885af45,8,REDEEMED GOSPEL CHURCH HURUMA GRO
7e645493-0898-5501-8155-e8578b4f5224,47,NAIROBI CITY,2164913b-5913-5e69-b505-9547adf73cda,290,MATHARE,ccbc503d-df45-5d8c-b324-1dc80029de3b,1448,NGEI,898d96ae-778a-56df-906f-724dff42ff25,17,NGEI PAG CHURCH PRIMARY SCHOOL
7e645493-0898-5501-8155-e8578b4f5224,47,NAIROBI CITY,2164913b-5913-5e69-b505-9547adf73cda,290,MATHARE,11fe786c-14cf-5abf-b0d2-e8e3056cc3f9,1449,MLANGO KUBWA,fc55cd4d-f351-5b84-8c70-00d916acd326,9,ST. TERESA'S GIRLS PRIMARY SCHOOL
7e645493-0898-5501-8155-e8578b4f5224,47,NAIROBI CITY,2164913b-5913-5e69-b505-9547adf73cda,290,MATHARE,11fe786c-14cf-5abf-b0d2-e8e3056cc3f9,1449,MLANGO KUBWA,16bbfeaf-03e5-57cc-8e80-fb8f26112c8c,10,KIBORO PRIMARY SCHOOL
7e645493-0898-5501-8155-e8578b4f5224,47,NAIROBI CITY,2164913b-5913-5e69-b505-9547adf73cda,290,MATHARE,11fe786c-14cf-5abf-b0d2-e8e3056cc3f9,1449,MLANGO KUBWA,be5f8c45-9350-5272-8669-69b22a81d324,18,ST TERESA'S GIRLS SECONDARY SCHOOL
7e645493-0898-5501-8155-e8578b4f5224,47,NAIROBI CITY,2164913b-5913-5e69-b505-9547adf73cda,290,MATHARE,1ad85b01-8706-55c2-a126-56a1d25fefbe,1450,KIAMAIKO,09ee762b-a2e0-5316-a07b-707cc03e4df9,11,NDURURUNO PRIMARY SCHOOL
7e645493-0898-5501-8155-e8578b4f5224,47,NAIROBI CITY,2164913b-5913-5e69-b505-9547adf73cda,290,MATHARE,1ad85b01-8706-55c2-a126-56a1d25fefbe,1450,KIAMAIKO,fc8c6183-5a56-54c7-8f57-0a84eaeca592,12,NDURURUNO HIGH SCHOOL
7e645493-0898-5501-8155-e8578b4f5224,47,NAIROBI CITY,2164913b-5913-5e69-b505-9547adf73cda,290,MATHARE,1ad85b01-8706-55c2-a126-56a1d25fefbe,1450,KIAMAIKO,7c269bee-7e95-500a-adcb-d8d5c50840c2,13,VALLEY BRIDGE PRIMARY SCHOOL
