e7263999-68b6-5a23-b530-af25b7efd632,26,TRANS NZOIA,5e64715d-4d6b-56b2-a771-204c29ba8c05,136,KWANZA,414e1fa4-5e9b-5f71-9f25-3aa49e756a47,676,KAPOMBOI,28e4d286-c052-59db-a403-be1d16f790a6,1,KATUKE ADC FARM
e7263999-68b6-5a23-b530-af25b7efd632,26,TRANS NZOIA,5e64715d-4d6b-56b2-a771-204c29ba8c05,136,KWANZA,414e1fa4-5e9b-5f71-9f25-3aa49e756a47,676,KAPOMBOI,0013d4b4-e47e-587c-9dd4-57d19826676f,2,KAPOMBOI PRIMARY SCHOOL
e7263999-68b6-5a23-b530-af25b7efd632,26,TRANS NZOIA,5e64715d-4d6b-56b2-a771-204c29ba8c05,136,KWANZA,414e1fa4-5e9b-5f71-9f25-3aa49e756a47,676,KAPOMBOI,a8c33a82-b891-5597-9c89-c41e6c96fc85,3,SOY-MINING PRIMARY SCHOOL
e7263999-68b6-5a23-b530-af25b7efd632,26,TRANS NZOIA,5e64715d-4d6b-56b2-a771-204c29ba8c05,136,KWANZA,414e1fa4-5e9b-5f71-9f25-3aa49e756a47,676,KAPOMBOI,e2bd7394-55f7-56fc-8565-56981baf24f4,4,MARINDA PRIMARY SCHOOL
e7263999-68b6-5a23-b530-af25b7efd632,26,TRANS NZOIA,5e64715d-4d6b-56b2-a771-204c29ba8c05,136,KWANZA,414e1fa4-5e9b-5f71-9f25-3aa49e756a47,676,KAPOMBOI,4d27fbdb-e37d-5a6f-a455-a2189e5176c9,5,KOBOS PRIMARY SCHOOL
e7263999-68b6-5a23-b530-af25b7efd632,26,TRANS NZOIA,5e64715d-4d6b-56b2-a771-204c29ba8c05,136,KWANZA,414e1fa4-5e9b-5f71-9f25-3aa49e756a47,676,KAPOMBOI,0756b5e5-4ac4-5f0d-96c3-e1955efcaffc,6,KAPSITWET PRIMARY SCHOOL
e7263999-68b6-5a23-b530-af25b7efd632,26,TRANS NZOIA,5e64715d-4d6b-56b2-a771-204c29ba8c05,136,KWANZA,414e1fa4-5e9b-5f71-9f25-3aa49e756a47,676,KAPOMBOI,5e4fd2a5-1043-5e45-a82c-7eb1ab0ee2b0,7,LIYAVO PRIMARY SCHOOL
e7263999-68b6-5a23-b530-af25b7efd632,26,TRANS NZOIA,5e64715d-4d6b-56b2-a771-204c29ba8c05,136,KWANZA,414e1fa4-5e9b-5f71-9f25-3aa49e756a47,676,KAPOMBOI,44f0b820-8133-5ea1-b8fd-78fce5de569f,8,MISANGA PRIMARY SCHOOL
e7263999-68b6-5a23-b530-af25b7efd632,26,TRANS NZOIA,5e64715d-4d6b-56b2-a771-204c29ba8c05,136,KWANZA,414e1fa4-5e9b-5f71-9f25-3aa49e756a47,676,KAPOMBOI,2e878e42-c32b-5e63-bc08-1e37132e9777,9,KITALE NDOGO PRIMARY SCHOOL
e7263999-68b6-5a23-b530-af25b7efd632,26,TRANS NZOIA,5e64715d-4d6b-56b2-a771-204c29ba8c05,136,KWANZA,414e1fa4-5e9b-5f71-9f25-3aa49e756a47,676,KAPOMBOI,be64eb05-ed49-5ed5-b2ed-a7dd4c618a35,10,NAMANJALALA PRIMARY SCHOOL
e7263999-68b6-5a23-b530-af25b7efd632,26,TRANS NZOIA,5e64715d-4d6b-56b2-a771-204c29ba8c05,136,KWANZA,414e1fa4-5e9b-5f71-9f25-3aa49e756a47,676,KAPOMBOI,a483c411-a5e9-5a35-ab4b-b4e2d180cc67,11,MISEMWA NURSERY SCHOOL
e7263999-68b6-5a23-b530-af25b7efd632,26,TRANS NZOIA,5e64715d-4d6b-56b2-a771-204c29ba8c05,136,KWANZA,414e1fa4-5e9b-5f71-9f25-3aa49e756a47,676,KAPOMBOI,ae852038-31f7-56a2-a924-88efe8874b79,12,LURARE PRIMARY SCHOOL
e7263999-68b6-5a23-b530-af25b7efd632,26,TRANS NZOIA,5e64715d-4d6b-56b2-a771-204c29ba8c05,136,KWANZA,414e1fa4-5e9b-5f71-9f25-3aa49e756a47,676,KAPOMBOI,321e4175-f850-5920-b7ce-b2eeced0549c,13,ST.EMMANUEL PRIMARY SCHOOL
e7263999-68b6-5a23-b530-af25b7efd632,26,TRANS NZOIA,5e64715d-4d6b-56b2-a771-204c29ba8c05,136,KWANZA,414e1fa4-5e9b-5f71-9f25-3aa49e756a47,676,KAPOMBOI,3cf524b4-d0d6-5e3a-b62a-3eda5d57044c,14,MUGEIYOT PRIMARY SCHOOL
e7263999-68b6-5a23-b530-af25b7efd632,26,TRANS NZOIA,5e64715d-4d6b-56b2-a771-204c29ba8c05,136,KWANZA,414e1fa4-5e9b-5f71-9f25-3aa49e756a47,676,KAPOMBOI,6793228a-06ef-5e40-bf65-475c5de779d0,15,NDALALA PRIMARY SCHOOL
e7263999-68b6-5a23-b530-af25b7efd632,26,TRANS NZOIA,5e64715d-4d6b-56b2-a771-204c29ba8c05,136,KWANZA,414e1fa4-5e9b-5f71-9f25-3aa49e756a47,676,KAPOMBOI,61114f4e-c8ff-5449-977d-28669a4e7497,16,MWANGAZA PRIMARY SCHOOL
e7263999-68b6-5a23-b530-af25b7efd632,26,TRANS NZOIA,5e64715d-4d6b-56b2-a771-204c29ba8c05,136,KWANZA,414e1fa4-5e9b-5f71-9f25-3aa49e756a47,676,KAPOMBOI,2fb6c9fc-e2c9-52a3-9e04-eef77454f1fa,17,NAMANDALA ADC PRIMARY SCHOOL
e7263999-68b6-5a23-b530-af25b7efd632,26,TRANS NZOIA,5e64715d-4d6b-56b2-a771-204c29ba8c05,136,KWANZA,414e1fa4-5e9b-5f71-9f25-3aa49e756a47,676,KAPOMBOI,c67b2818-808a-57df-b349-4a0dddb7f5e3,18,ZEA PRIMARY SCHOOL
e7263999-68b6-5a23-b530-af25b7efd632,26,TRANS NZOIA,5e64715d-4d6b-56b2-a771-204c29ba8c05,136,KWANZA,414e1fa4-5e9b-5f71-9f25-3aa49e756a47,676,KAPOMBOI,d81d813e-a28a-583b-87bd-843e8764a3b8,63,FK1 PRIMARY SCHOOL
e7263999-68b6-5a23-b530-af25b7efd632,26,TRANS NZOIA,5e64715d-4d6b-56b2-a771-204c29ba8c05,136,KWANZA,414e1fa4-5e9b-5f71-9f25-3aa49e756a47,676,KAPOMBOI,2a8bd4ad-444f-572f-a2df-b03f33f2144f,64,CHIEF MTENDE PRIMARY SCHOOL
e7263999-68b6-5a23-b530-af25b7efd632,26,TRANS NZOIA,5e64715d-4d6b-56b2-a771-204c29ba8c05,136,KWANZA,414e1fa4-5e9b-5f71-9f25-3aa49e756a47,676,KAPOMBOI,94557425-040b-513e-8a8b-7acb64d9d2df,65,ST. CHARLES LWANGA CYPRUS PRIMARY SCH
e7263999-68b6-5a23-b530-af25b7efd632,26,TRANS NZOIA,5e64715d-4d6b-56b2-a771-204c29ba8c05,136,KWANZA,414e1fa4-5e9b-5f71-9f25-3aa49e756a47,676,KAPOMBOI,150530b3-128e-57f0-9f5c-3a32a0473269,66,TEMBELELA PRIMARY SCHOOL
e7263999-68b6-5a23-b530-af25b7efd632,26,TRANS NZOIA,5e64715d-4d6b-56b2-a771-204c29ba8c05,136,KWANZA,414e1fa4-5e9b-5f71-9f25-3aa49e756a47,676,KAPOMBOI,461e57af-f8a2-585c-83c8-e470211e1919,67,KAMBI NDEGE PRIMARY SCHOOL
e7263999-68b6-5a23-b530-af25b7efd632,26,TRANS NZOIA,5e64715d-4d6b-56b2-a771-204c29ba8c05,136,KWANZA,414e1fa4-5e9b-5f71-9f25-3aa49e756a47,676,KAPOMBOI,ad572c90-994f-55d8-9545-463823574d03,68,SABWANI ECD
e7263999-68b6-5a23-b530-af25b7efd632,26,TRANS NZOIA,5e64715d-4d6b-56b2-a771-204c29ba8c05,136,KWANZA,414e1fa4-5e9b-5f71-9f25-3aa49e756a47,676,KAPOMBOI,7ec72e2c-9267-5da7-af9c-9e21db297097,69,KAMBI NAIROBI PRIMARY SCHOOL
e7263999-68b6-5a23-b530-af25b7efd632,26,TRANS NZOIA,5e64715d-4d6b-56b2-a771-204c29ba8c05,136,KWANZA,4a6d9656-eb49-56c1-896c-955c14e0446c,677,KWANZA,84148c4b-f278-5d33-98de-a6de26fe7858,19,AMUKA PRIMARY SCHOOL
e7263999-68b6-5a23-b530-af25b7efd632,26,TRANS NZOIA,5e64715d-4d6b-56b2-a771-204c29ba8c05,136,KWANZA,4a6d9656-eb49-56c1-896c-955c14e0446c,677,KWANZA,49011eb3-fa1f-52a9-adbd-aadf82149584,20,GOSETA PRIMARY SCHOOL
e7263999-68b6-5a23-b530-af25b7efd632,26,TRANS NZOIA,5e64715d-4d6b-56b2-a771-204c29ba8c05,136,KWANZA,4a6d9656-eb49-56c1-896c-955c14e0446c,677,KWANZA,4cabeac4-5547-5ff0-b160-0658f20567c5,21,PENGI PRIMARY SCHOOL
e7263999-68b6-5a23-b530-af25b7efd632,26,TRANS NZOIA,5e64715d-4d6b-56b2-a771-204c29ba8c05,136,KWANZA,4a6d9656-eb49-56c1-896c-955c14e0446c,677,KWANZA,7d4e4c3d-5a6c-58b1-91a9-c5074b20c05a,22,SARURA PRIMARY SCHOOL
e7263999-68b6-5a23-b530-af25b7efd632,26,TRANS NZOIA,5e64715d-4d6b-56b2-a771-204c29ba8c05,136,KWANZA,4a6d9656-eb49-56c1-896c-955c14e0446c,677,KWANZA,a773d791-03b2-592f-b9db-ed71a744a4c7,23,BWAYI PRIMARY SCHOOL
e7263999-68b6-5a23-b530-af25b7efd632,26,TRANS NZOIA,5e64715d-4d6b-56b2-a771-204c29ba8c05,136,KWANZA,4a6d9656-eb49-56c1-896c-955c14e0446c,677,KWANZA,975d48b7-254c-5941-8023-21869ae4fbe2,24,NGENY PRIMARY SCHOOL
e7263999-68b6-5a23-b530-af25b7efd632,26,TRANS NZOIA,5e64715d-4d6b-56b2-a771-204c29ba8c05,136,KWANZA,4a6d9656-eb49-56c1-896c-955c14e0446c,677,KWANZA,f4f9b57b-cc4c-5b03-aae4-0b3cce490ab9,25,METEITEI PRIMARY SCHOOL
e7263999-68b6-5a23-b530-af25b7efd632,26,TRANS NZOIA,5e64715d-4d6b-56b2-a771-204c29ba8c05,136,KWANZA,4a6d9656-eb49-56c1-896c-955c14e0446c,677,KWANZA,fd6f586e-6ad7-5c43-b85b-8729d8f3705d,26,MAMA MESA PRIMARY SCHOOL
e7263999-68b6-5a23-b530-af25b7efd632,26,TRANS NZOIA,5e64715d-4d6b-56b2-a771-204c29ba8c05,136,KWANZA,4a6d9656-eb49-56c1-896c-955c14e0446c,677,KWANZA,029da3bf-7280-52cf-931a-9c1840b653f6,27,GIDEA PRIMARY SCHOOL
e7263999-68b6-5a23-b530-af25b7efd632,26,TRANS NZOIA,5e64715d-4d6b-56b2-a771-204c29ba8c05,136,KWANZA,4a6d9656-eb49-56c1-896c-955c14e0446c,677,KWANZA,ec10d5ea-81c6-5396-8591-781243606387,28,MARIDADI PRIMARY SCHOOL
e7263999-68b6-5a23-b530-af25b7efd632,26,TRANS NZOIA,5e64715d-4d6b-56b2-a771-204c29ba8c05,136,KWANZA,4a6d9656-eb49-56c1-896c-955c14e0446c,677,KWANZA,6bee1de9-bf4b-566b-bd03-ab3d778e88b5,29,LUNYU PRIMARY SCHOOL
e7263999-68b6-5a23-b530-af25b7efd632,26,TRANS NZOIA,5e64715d-4d6b-56b2-a771-204c29ba8c05,136,KWANZA,4a6d9656-eb49-56c1-896c-955c14e0446c,677,KWANZA,22f9a098-f9b0-53a6-99bf-aef10efaa733,30,MUKUYUNI PRIMARY SCHOOL
e7263999-68b6-5a23-b530-af25b7efd632,26,TRANS NZOIA,5e64715d-4d6b-56b2-a771-204c29ba8c05,136,KWANZA,4a6d9656-eb49-56c1-896c-955c14e0446c,677,KWANZA,0c5c0ab0-c26a-5559-aae7-179a04de08ba,31,KOROSIOT PRIMARY SCHOOL
e7263999-68b6-5a23-b530-af25b7efd632,26,TRANS NZOIA,5e64715d-4d6b-56b2-a771-204c29ba8c05,136,KWANZA,4a6d9656-eb49-56c1-896c-955c14e0446c,677,KWANZA,4631a8b6-6a2d-5e27-a984-cafd9de3dee1,32,KWANZA PRIMARY SCHOOL
e7263999-68b6-5a23-b530-af25b7efd632,26,TRANS NZOIA,5e64715d-4d6b-56b2-a771-204c29ba8c05,136,KWANZA,4a6d9656-eb49-56c1-896c-955c14e0446c,677,KWANZA,d7e32174-6479-568f-8350-f00ea2577194,33,MAKHONGE PRIMARY SCHOOL
e7263999-68b6-5a23-b530-af25b7efd632,26,TRANS NZOIA,5e64715d-4d6b-56b2-a771-204c29ba8c05,136,KWANZA,4a6d9656-eb49-56c1-896c-955c14e0446c,677,KWANZA,cc0b9a3a-21c6-5796-a9f8-24728c9f92b7,34,BISHOP MUGE SECONDARY SCHOOL
e7263999-68b6-5a23-b530-af25b7efd632,26,TRANS NZOIA,5e64715d-4d6b-56b2-a771-204c29ba8c05,136,KWANZA,4a6d9656-eb49-56c1-896c-955c14e0446c,677,KWANZA,c888564d-b843-5af1-9671-0a1068698e69,35,KIPSOEN PRIMARY SCHOOL
e7263999-68b6-5a23-b530-af25b7efd632,26,TRANS NZOIA,5e64715d-4d6b-56b2-a771-204c29ba8c05,136,KWANZA,4a6d9656-eb49-56c1-896c-955c14e0446c,677,KWANZA,b2a1345c-fad9-5749-8650-7e763dba84eb,36,KARAUS PRIMARY SCHOOL
e7263999-68b6-5a23-b530-af25b7efd632,26,TRANS NZOIA,5e64715d-4d6b-56b2-a771-204c29ba8c05,136,KWANZA,4a6d9656-eb49-56c1-896c-955c14e0446c,677,KWANZA,509684d3-da09-5c21-ae32-6ce2336579bd,37,MLIMA REHEMA NURSERY SCHOOL
e7263999-68b6-5a23-b530-af25b7efd632,26,TRANS NZOIA,5e64715d-4d6b-56b2-a771-204c29ba8c05,136,KWANZA,4a6d9656-eb49-56c1-896c-955c14e0446c,677,KWANZA,6169692f-a4f3-58c9-9368-fb49137a8d05,38,MIREMBE PRIMARY SCHOOL
e7263999-68b6-5a23-b530-af25b7efd632,26,TRANS NZOIA,5e64715d-4d6b-56b2-a771-204c29ba8c05,136,KWANZA,4a6d9656-eb49-56c1-896c-955c14e0446c,677,KWANZA,165f6f4f-baed-5b19-96b1-8fdc75d924b6,39,KIPKORIONY PRIMARY SCHOOL
e7263999-68b6-5a23-b530-af25b7efd632,26,TRANS NZOIA,5e64715d-4d6b-56b2-a771-204c29ba8c05,136,KWANZA,4a6d9656-eb49-56c1-896c-955c14e0446c,677,KWANZA,d3f9c498-4f79-59e8-8057-467b1d289110,70,SANDE FRIENDS PRIMARY SCHOOL
e7263999-68b6-5a23-b530-af25b7efd632,26,TRANS NZOIA,5e64715d-4d6b-56b2-a771-204c29ba8c05,136,KWANZA,4a6d9656-eb49-56c1-896c-955c14e0446c,677,KWANZA,8750bdbb-1bb5-506d-b6b7-6d432f823471,71,MUGUMO PRIMARY SCHOOL
e7263999-68b6-5a23-b530-af25b7efd632,26,TRANS NZOIA,5e64715d-4d6b-56b2-a771-204c29ba8c05,136,KWANZA,4a6d9656-eb49-56c1-896c-955c14e0446c,677,KWANZA,435f48f6-4c3b-5539-aef5-024ca3e3040d,72,KWANUSU PRIMARY SCHOOL
e7263999-68b6-5a23-b530-af25b7efd632,26,TRANS NZOIA,5e64715d-4d6b-56b2-a771-204c29ba8c05,136,KWANZA,4a6d9656-eb49-56c1-896c-955c14e0446c,677,KWANZA,9f73ce99-00f6-5ecd-9aaf-0665e76ae27d,73,MILIMA A PRIMARY SCHOOL
e7263999-68b6-5a23-b530-af25b7efd632,26,TRANS NZOIA,5e64715d-4d6b-56b2-a771-204c29ba8c05,136,KWANZA,4a6d9656-eb49-56c1-896c-955c14e0446c,677,KWANZA,55c6f877-506d-55a7-b690-041db3cceacf,74,LEISSA PRIMARY SCHOOL
e7263999-68b6-5a23-b530-af25b7efd632,26,TRANS NZOIA,5e64715d-4d6b-56b2-a771-204c29ba8c05,136,KWANZA,4a6d9656-eb49-56c1-896c-955c14e0446c,677,KWANZA,3aea2103-2d9d-580e-a9d3-25779633d46d,75,KAISAGAT PRIMARY SCHOOL
e7263999-68b6-5a23-b530-af25b7efd632,26,TRANS NZOIA,5e64715d-4d6b-56b2-a771-204c29ba8c05,136,KWANZA,4a6d9656-eb49-56c1-896c-955c14e0446c,677,KWANZA,6efada11-c268-5c5a-83ae-c82cbc9066ab,76,AINASIT PRIMARY SCHOOL
e7263999-68b6-5a23-b530-af25b7efd632,26,TRANS NZOIA,5e64715d-4d6b-56b2-a771-204c29ba8c05,136,KWANZA,4a6d9656-eb49-56c1-896c-955c14e0446c,677,KWANZA,c2c28a2b-b15b-5c0c-9df1-e565c8e8a7b3,77,UMOJA PRIMARY SCHOOL
e7263999-68b6-5a23-b530-af25b7efd632,26,TRANS NZOIA,5e64715d-4d6b-56b2-a771-204c29ba8c05,136,KWANZA,4a6d9656-eb49-56c1-896c-955c14e0446c,677,KWANZA,d97bfb55-ad54-5b6f-a9c7-a2e33d0ff843,78,EMORU MARKET
e7263999-68b6-5a23-b530-af25b7efd632,26,TRANS NZOIA,5e64715d-4d6b-56b2-a771-204c29ba8c05,136,KWANZA,29a12eb6-6c54-5639-b09f-8d3d07953bf0,678,KEIYO,23a101a1-7382-5552-9615-6b834663399a,40,MUTUA PRIMARY SCHOOL
e7263999-68b6-5a23-b530-af25b7efd632,26,TRANS NZOIA,5e64715d-4d6b-56b2-a771-204c29ba8c05,136,KWANZA,29a12eb6-6c54-5639-b09f-8d3d07953bf0,678,KEIYO,7c3062be-45ce-5b54-a781-316cbdf6c955,41,KOROSS PRIMARY SCHOOL
e7263999-68b6-5a23-b530-af25b7efd632,26,TRANS NZOIA,5e64715d-4d6b-56b2-a771-204c29ba8c05,136,KWANZA,29a12eb6-6c54-5639-b09f-8d3d07953bf0,678,KEIYO,8d630270-6081-5248-9f8a-67d8d1b40ba1,42,LUUYIA PRIMARY SCHOOL
e7263999-68b6-5a23-b530-af25b7efd632,26,TRANS NZOIA,5e64715d-4d6b-56b2-a771-204c29ba8c05,136,KWANZA,29a12eb6-6c54-5639-b09f-8d3d07953bf0,678,KEIYO,c08327ab-b28a-5c32-8edb-51a5c23223fe,43,SIAMBE PRIMARY SCHOOL
e7263999-68b6-5a23-b530-af25b7efd632,26,TRANS NZOIA,5e64715d-4d6b-56b2-a771-204c29ba8c05,136,KWANZA,29a12eb6-6c54-5639-b09f-8d3d07953bf0,678,KEIYO,895016ae-089c-577f-b2a4-7f0726e1258c,44,MULIMANI PRIMARY SCHOOL
e7263999-68b6-5a23-b530-af25b7efd632,26,TRANS NZOIA,5e64715d-4d6b-56b2-a771-204c29ba8c05,136,KWANZA,29a12eb6-6c54-5639-b09f-8d3d07953bf0,678,KEIYO,101f7a71-949c-5374-8100-292c145ce3d6,45,KOLONGOLO PRIMARY SCHOOL
e7263999-68b6-5a23-b530-af25b7efd632,26,TRANS NZOIA,5e64715d-4d6b-56b2-a771-204c29ba8c05,136,KWANZA,29a12eb6-6c54-5639-b09f-8d3d07953bf0,678,KEIYO,17366431-7c72-56de-bab9-09e0d173ce7b,46,KIPTUIMET PRIMARY SCHOOL
e7263999-68b6-5a23-b530-af25b7efd632,26,TRANS NZOIA,5e64715d-4d6b-56b2-a771-204c29ba8c05,136,KWANZA,29a12eb6-6c54-5639-b09f-8d3d07953bf0,678,KEIYO,90ab5c20-be28-58c8-b41c-bb857f70b19c,47,BIKETI PRIMARY SCHOOL
e7263999-68b6-5a23-b530-af25b7efd632,26,TRANS NZOIA,5e64715d-4d6b-56b2-a771-204c29ba8c05,136,KWANZA,29a12eb6-6c54-5639-b09f-8d3d07953bf0,678,KEIYO,fbe0c759-c2a6-52da-b160-ec4dcb296c04,48,KEESE PRIMARY SCHOOL
e7263999-68b6-5a23-b530-af25b7efd632,26,TRANS NZOIA,5e64715d-4d6b-56b2-a771-204c29ba8c05,136,KWANZA,29a12eb6-6c54-5639-b09f-8d3d07953bf0,678,KEIYO,c7989eb8-c2ef-51e6-b244-dba0f5f8d2b3,49,MUUNGANO PRIMARY SCHOOL
e7263999-68b6-5a23-b530-af25b7efd632,26,TRANS NZOIA,5e64715d-4d6b-56b2-a771-204c29ba8c05,136,KWANZA,29a12eb6-6c54-5639-b09f-8d3d07953bf0,678,KEIYO,b78ed20c-5b09-57a4-a324-777c3e2198be,50,BONDENI PRIMARY SCHOOL
e7263999-68b6-5a23-b530-af25b7efd632,26,TRANS NZOIA,5e64715d-4d6b-56b2-a771-204c29ba8c05,136,KWANZA,29a12eb6-6c54-5639-b09f-8d3d07953bf0,678,KEIYO,2c0cb1ae-1ee7-5541-a4b7-466e3bef1912,51,DR NOAH WEKESA PRIMARY SCHOOL
e7263999-68b6-5a23-b530-af25b7efd632,26,TRANS NZOIA,5e64715d-4d6b-56b2-a771-204c29ba8c05,136,KWANZA,29a12eb6-6c54-5639-b09f-8d3d07953bf0,678,KEIYO,e677e58c-13eb-55fb-8448-61050f728ad5,52,MARAMU PRIMARY SCHOOL
e7263999-68b6-5a23-b530-af25b7efd632,26,TRANS NZOIA,5e64715d-4d6b-56b2-a771-204c29ba8c05,136,KWANZA,29a12eb6-6c54-5639-b09f-8d3d07953bf0,678,KEIYO,c4820716-e994-5313-93f9-90b811e1f01a,53,KAPKOI PRIMARY SCHOOL
e7263999-68b6-5a23-b530-af25b7efd632,26,TRANS NZOIA,5e64715d-4d6b-56b2-a771-204c29ba8c05,136,KWANZA,29a12eb6-6c54-5639-b09f-8d3d07953bf0,678,KEIYO,5eac95b8-a4f7-5ecb-9b2e-c8d494a2c2c9,54,NASIANDA PRIMARY SCHOOL
e7263999-68b6-5a23-b530-af25b7efd632,26,TRANS NZOIA,5e64715d-4d6b-56b2-a771-204c29ba8c05,136,KWANZA,29a12eb6-6c54-5639-b09f-8d3d07953bf0,678,KEIYO,2aee8554-c58a-59e3-a548-11a5bcb8f530,79,KAPKOI CENTRAL PRIMARY SCHOOL
e7263999-68b6-5a23-b530-af25b7efd632,26,TRANS NZOIA,5e64715d-4d6b-56b2-a771-204c29ba8c05,136,KWANZA,29a12eb6-6c54-5639-b09f-8d3d07953bf0,678,KEIYO,e29df268-70aa-589d-bdf1-cb15c10a8ac9,80,WEBUYE PRIMARY SCHOOL
e7263999-68b6-5a23-b530-af25b7efd632,26,TRANS NZOIA,5e64715d-4d6b-56b2-a771-204c29ba8c05,136,KWANZA,29a12eb6-6c54-5639-b09f-8d3d07953bf0,678,KEIYO,d8ac2bda-6599-5139-9a18-23579da51a2f,81,MALOMONYE PRIMARY SCHOOL
e7263999-68b6-5a23-b530-af25b7efd632,26,TRANS NZOIA,5e64715d-4d6b-56b2-a771-204c29ba8c05,136,KWANZA,29a12eb6-6c54-5639-b09f-8d3d07953bf0,678,KEIYO,3ab92fcc-03c1-59d9-85d3-03c17ad0c68c,82,KAPKAI PRIMARY SCHOOL
e7263999-68b6-5a23-b530-af25b7efd632,26,TRANS NZOIA,5e64715d-4d6b-56b2-a771-204c29ba8c05,136,KWANZA,29a12eb6-6c54-5639-b09f-8d3d07953bf0,678,KEIYO,e1508909-aa39-5383-8a4c-908ae2ec2064,83,MATISI BLOCK PRIMARY SCHOOL
e7263999-68b6-5a23-b530-af25b7efd632,26,TRANS NZOIA,5e64715d-4d6b-56b2-a771-204c29ba8c05,136,KWANZA,29a12eb6-6c54-5639-b09f-8d3d07953bf0,678,KEIYO,11f7845c-7664-5abd-86cf-52c46ab98eed,84,MILIMANI JUNIOR PRIMARY SCHOOL
e7263999-68b6-5a23-b530-af25b7efd632,26,TRANS NZOIA,5e64715d-4d6b-56b2-a771-204c29ba8c05,136,KWANZA,8ce64ef7-d906-5f2d-949e-e5e93e24cd08,679,BIDII,70177527-e92c-5cb4-b34d-9f1e635864c1,55,SECTION SIX PRIMARY SCHOOL
e7263999-68b6-5a23-b530-af25b7efd632,26,TRANS NZOIA,5e64715d-4d6b-56b2-a771-204c29ba8c05,136,KWANZA,8ce64ef7-d906-5f2d-949e-e5e93e24cd08,679,BIDII,c7851826-a994-56ba-b8a4-d12433fecd81,56,KITALE WATER WORKS /POMBO PRIMARY SC
e7263999-68b6-5a23-b530-af25b7efd632,26,TRANS NZOIA,5e64715d-4d6b-56b2-a771-204c29ba8c05,136,KWANZA,8ce64ef7-d906-5f2d-949e-e5e93e24cd08,679,BIDII,88658f63-b62d-591e-a30c-22d38f578367,57,MAKUNGA PRIMARY SCHOOL
e7263999-68b6-5a23-b530-af25b7efd632,26,TRANS NZOIA,5e64715d-4d6b-56b2-a771-204c29ba8c05,136,KWANZA,8ce64ef7-d906-5f2d-949e-e5e93e24cd08,679,BIDII,51d27d1d-3ddf-51ee-8900-9c74c855c55f,58,LESSOS PRIMARY SCHOOL
e7263999-68b6-5a23-b530-af25b7efd632,26,TRANS NZOIA,5e64715d-4d6b-56b2-a771-204c29ba8c05,136,KWANZA,8ce64ef7-d906-5f2d-949e-e5e93e24cd08,679,BIDII,e7806701-69d7-5f7e-962d-815ffed6abb3,59,ST. MONICA GIRLS
e7263999-68b6-5a23-b530-af25b7efd632,26,TRANS NZOIA,5e64715d-4d6b-56b2-a771-204c29ba8c05,136,KWANZA,8ce64ef7-d906-5f2d-949e-e5e93e24cd08,679,BIDII,d2561b2a-2cf3-5b00-af71-cfca89b972ac,60,KITALE RAILWAYS STATION
e7263999-68b6-5a23-b530-af25b7efd632,26,TRANS NZOIA,5e64715d-4d6b-56b2-a771-204c29ba8c05,136,KWANZA,8ce64ef7-d906-5f2d-949e-e5e93e24cd08,679,BIDII,80961328-9920-5ee1-b15c-7d1b6defe31e,61,BIDII PRIMARY SCHOOL
e7263999-68b6-5a23-b530-af25b7efd632,26,TRANS NZOIA,5e64715d-4d6b-56b2-a771-204c29ba8c05,136,KWANZA,8ce64ef7-d906-5f2d-949e-e5e93e24cd08,679,BIDII,a658cda8-0a9f-55eb-b594-7ee41b8e2af8,62,MAZIWA PRIMARY SCHOOL
e7263999-68b6-5a23-b530-af25b7efd632,26,TRANS NZOIA,a731e588-f18b-57a0-ab03-309b2512e123,137,ENDEBESS,a2de43e8-3c7e-5736-bf1b-681d9bd625bc,680,CHEPCHOINA,67562eb3-e497-514c-a810-04b6c5be7878,1,NJORO PRIMARY SCHOOL
e7263999-68b6-5a23-b530-af25b7efd632,26,TRANS NZOIA,a731e588-f18b-57a0-ab03-309b2512e123,137,ENDEBESS,a2de43e8-3c7e-5736-bf1b-681d9bd625bc,680,CHEPCHOINA,3f7c3936-5a43-5fef-9821-221f06a8df4d,2,KASHABER PRIMARY SCHOOL
e7263999-68b6-5a23-b530-af25b7efd632,26,TRANS NZOIA,a731e588-f18b-57a0-ab03-309b2512e123,137,ENDEBESS,a2de43e8-3c7e-5736-bf1b-681d9bd625bc,680,CHEPCHOINA,ea4fde36-f8d3-5adb-9385-8e52e58b6fda,3,NAI PRIMARY SCHOOL
e7263999-68b6-5a23-b530-af25b7efd632,26,TRANS NZOIA,a731e588-f18b-57a0-ab03-309b2512e123,137,ENDEBESS,a2de43e8-3c7e-5736-bf1b-681d9bd625bc,680,CHEPCHOINA,a66f7463-54ef-5f8b-bcd2-7b415a5fd7e7,4,MWAMBA PRIMARY SCHOOL
e7263999-68b6-5a23-b530-af25b7efd632,26,TRANS NZOIA,a731e588-f18b-57a0-ab03-309b2512e123,137,ENDEBESS,a2de43e8-3c7e-5736-bf1b-681d9bd625bc,680,CHEPCHOINA,12c052a7-cd01-567d-af1c-032eb80fb1ee,5,CHEBEREM PRIMARY SCHOOL
e7263999-68b6-5a23-b530-af25b7efd632,26,TRANS NZOIA,a731e588-f18b-57a0-ab03-309b2512e123,137,ENDEBESS,a2de43e8-3c7e-5736-bf1b-681d9bd625bc,680,CHEPCHOINA,07451e6c-9069-5acb-968f-e5d0e7253b63,6,SUAM CUSTOMS CENTRE (KAPTEGA)
e7263999-68b6-5a23-b530-af25b7efd632,26,TRANS NZOIA,a731e588-f18b-57a0-ab03-309b2512e123,137,ENDEBESS,a2de43e8-3c7e-5736-bf1b-681d9bd625bc,680,CHEPCHOINA,d0e978f4-7899-5dc1-a4a4-8758672485bf,7,SUAM PRIMARY SCHOOL
e7263999-68b6-5a23-b530-af25b7efd632,26,TRANS NZOIA,a731e588-f18b-57a0-ab03-309b2512e123,137,ENDEBESS,a2de43e8-3c7e-5736-bf1b-681d9bd625bc,680,CHEPCHOINA,dd60dc32-3a3e-571d-a6a4-3e23a78bb1b9,8,CHEPCHOINA PRIMARY SCHOOL
e7263999-68b6-5a23-b530-af25b7efd632,26,TRANS NZOIA,a731e588-f18b-57a0-ab03-309b2512e123,137,ENDEBESS,a2de43e8-3c7e-5736-bf1b-681d9bd625bc,680,CHEPCHOINA,34ec179e-a948-51c5-a45a-e11dc763d437,9,MALIKI PRIMARY SCHOOL
e7263999-68b6-5a23-b530-af25b7efd632,26,TRANS NZOIA,a731e588-f18b-57a0-ab03-309b2512e123,137,ENDEBESS,a2de43e8-3c7e-5736-bf1b-681d9bd625bc,680,CHEPCHOINA,29a8ef1e-f4aa-5e73-a1fc-ecb53245d8a5,10,ROBINSON PRIMARY SCHOOL
e7263999-68b6-5a23-b530-af25b7efd632,26,TRANS NZOIA,a731e588-f18b-57a0-ab03-309b2512e123,137,ENDEBESS,a2de43e8-3c7e-5736-bf1b-681d9bd625bc,680,CHEPCHOINA,0f17125a-d3f1-5a1d-8dc9-8123ea834d04,11,KAYOS PRIMARY SCHOOL
e7263999-68b6-5a23-b530-af25b7efd632,26,TRANS NZOIA,a731e588-f18b-57a0-ab03-309b2512e123,137,ENDEBESS,a2de43e8-3c7e-5736-bf1b-681d9bd625bc,680,CHEPCHOINA,ab53f064-79b0-5393-b028-aeba6d863dd1,12,KIETIKEI PRIMARY SCHOOL
e7263999-68b6-5a23-b530-af25b7efd632,26,TRANS NZOIA,a731e588-f18b-57a0-ab03-309b2512e123,137,ENDEBESS,a2de43e8-3c7e-5736-bf1b-681d9bd625bc,680,CHEPCHOINA,a302d28b-e18f-5b7c-938d-30a83149cac6,13,KORONGA PRIMARY SCHOOL
e7263999-68b6-5a23-b530-af25b7efd632,26,TRANS NZOIA,a731e588-f18b-57a0-ab03-309b2512e123,137,ENDEBESS,a2de43e8-3c7e-5736-bf1b-681d9bd625bc,680,CHEPCHOINA,cf1ec887-efa0-5dae-bfeb-aaefcd05f037,14,ANDERSEN PRIMARY SCHOOL
e7263999-68b6-5a23-b530-af25b7efd632,26,TRANS NZOIA,a731e588-f18b-57a0-ab03-309b2512e123,137,ENDEBESS,a2de43e8-3c7e-5736-bf1b-681d9bd625bc,680,CHEPCHOINA,9bd7adf7-62d3-5525-80c4-ce494d880b29,15,NAUYABONG PRIMARY SCHOOL
e7263999-68b6-5a23-b530-af25b7efd632,26,TRANS NZOIA,a731e588-f18b-57a0-ab03-309b2512e123,137,ENDEBESS,a2de43e8-3c7e-5736-bf1b-681d9bd625bc,680,CHEPCHOINA,63d9e765-2869-5925-a7db-0a64f3483224,16,LUTASO PRIMARY SCHOOL
e7263999-68b6-5a23-b530-af25b7efd632,26,TRANS NZOIA,a731e588-f18b-57a0-ab03-309b2512e123,137,ENDEBESS,a2de43e8-3c7e-5736-bf1b-681d9bd625bc,680,CHEPCHOINA,6e60a91d-3cab-53e0-9cc4-29986c0031a2,17,CHERUBAI PRIMARY SCHOOL
e7263999-68b6-5a23-b530-af25b7efd632,26,TRANS NZOIA,a731e588-f18b-57a0-ab03-309b2512e123,137,ENDEBESS,a2de43e8-3c7e-5736-bf1b-681d9bd625bc,680,CHEPCHOINA,6f042429-a1f0-5a65-8741-391dd522faa6,42,ST. ANDREWS PRIMARY SCHOOL
e7263999-68b6-5a23-b530-af25b7efd632,26,TRANS NZOIA,a731e588-f18b-57a0-ab03-309b2512e123,137,ENDEBESS,a2de43e8-3c7e-5736-bf1b-681d9bd625bc,680,CHEPCHOINA,a9d31b5b-cd72-50f3-ba7a-3c9f9307b82b,43,NABEKI PRIMARY SCHOOL
e7263999-68b6-5a23-b530-af25b7efd632,26,TRANS NZOIA,a731e588-f18b-57a0-ab03-309b2512e123,137,ENDEBESS,a2de43e8-3c7e-5736-bf1b-681d9bd625bc,680,CHEPCHOINA,b1b57ede-24d5-51c1-a7bf-c4a187b455d8,44,KIBOSIT PRIMARY SCHOOL
e7263999-68b6-5a23-b530-af25b7efd632,26,TRANS NZOIA,a731e588-f18b-57a0-ab03-309b2512e123,137,ENDEBESS,a2de43e8-3c7e-5736-bf1b-681d9bd625bc,680,CHEPCHOINA,5d0d8360-553e-53c6-b371-70a1a0b69d4c,45,NAMINIT PRIMARY SCHOOL
e7263999-68b6-5a23-b530-af25b7efd632,26,TRANS NZOIA,a731e588-f18b-57a0-ab03-309b2512e123,137,ENDEBESS,a2de43e8-3c7e-5736-bf1b-681d9bd625bc,680,CHEPCHOINA,457dcb97-d1bb-571c-8dfc-03ad54ea06f3,46,KAMAROKO PRIMARY SCHOOL
e7263999-68b6-5a23-b530-af25b7efd632,26,TRANS NZOIA,a731e588-f18b-57a0-ab03-309b2512e123,137,ENDEBESS,a2de43e8-3c7e-5736-bf1b-681d9bd625bc,680,CHEPCHOINA,3d344f65-28c0-5a66-aa75-3693a770d05a,47,SAMUEL IMBUYE MEMORIAL PRIMARY SCHO
e7263999-68b6-5a23-b530-af25b7efd632,26,TRANS NZOIA,a731e588-f18b-57a0-ab03-309b2512e123,137,ENDEBESS,a2de43e8-3c7e-5736-bf1b-681d9bd625bc,680,CHEPCHOINA,277f274b-e39d-577b-9238-7ed9c265bfd6,48,AIC CHEBEREM PRIMARY SCHOOL
e7263999-68b6-5a23-b530-af25b7efd632,26,TRANS NZOIA,a731e588-f18b-57a0-ab03-309b2512e123,137,ENDEBESS,a2de43e8-3c7e-5736-bf1b-681d9bd625bc,680,CHEPCHOINA,c0e863f8-d946-5a09-99da-09921c570370,49,AMANI PRIMARY SCHOOL
e7263999-68b6-5a23-b530-af25b7efd632,26,TRANS NZOIA,a731e588-f18b-57a0-ab03-309b2512e123,137,ENDEBESS,7f634a49-ee61-5f0a-b75b-cc554b80992c,681,ENDEBESS,cafc1fde-33d9-5134-99fd-42ee8c5f094d,18,CHORLIM PRIMARY SCHOOL
e7263999-68b6-5a23-b530-af25b7efd632,26,TRANS NZOIA,a731e588-f18b-57a0-ab03-309b2512e123,137,ENDEBESS,7f634a49-ee61-5f0a-b75b-cc554b80992c,681,ENDEBESS,55a9bd89-d137-58af-a109-e49a6d743e19,19,KIPTUM PRIMARY SCHOOL
e7263999-68b6-5a23-b530-af25b7efd632,26,TRANS NZOIA,a731e588-f18b-57a0-ab03-309b2512e123,137,ENDEBESS,7f634a49-ee61-5f0a-b75b-cc554b80992c,681,ENDEBESS,0b1260c8-f999-5eb9-b9d5-4a690ad6ff5c,20,CHEPTENTAN PRIMARY SCHOOL
e7263999-68b6-5a23-b530-af25b7efd632,26,TRANS NZOIA,a731e588-f18b-57a0-ab03-309b2512e123,137,ENDEBESS,7f634a49-ee61-5f0a-b75b-cc554b80992c,681,ENDEBESS,97a59567-2e72-5942-bd49-139c21e4f280,21,ENDEBESS PRIMARY SCHOOL
e7263999-68b6-5a23-b530-af25b7efd632,26,TRANS NZOIA,a731e588-f18b-57a0-ab03-309b2512e123,137,ENDEBESS,7f634a49-ee61-5f0a-b75b-cc554b80992c,681,ENDEBESS,4d4ca542-6af8-5f32-92c6-50b8ab4eb1b1,22,SABWANI PRIMARY SCHOOL
e7263999-68b6-5a23-b530-af25b7efd632,26,TRANS NZOIA,a731e588-f18b-57a0-ab03-309b2512e123,137,ENDEBESS,7f634a49-ee61-5f0a-b75b-cc554b80992c,681,ENDEBESS,072ccab4-2c06-5687-a4b0-3066a81ca14e,23,KOKWO PRIMARY SCHOOL
e7263999-68b6-5a23-b530-af25b7efd632,26,TRANS NZOIA,a731e588-f18b-57a0-ab03-309b2512e123,137,ENDEBESS,7f634a49-ee61-5f0a-b75b-cc554b80992c,681,ENDEBESS,6793b211-d014-5ac0-8950-fa9b3236dad9,24,TESTER BORNE PRIMARY SCHOOL
e7263999-68b6-5a23-b530-af25b7efd632,26,TRANS NZOIA,a731e588-f18b-57a0-ab03-309b2512e123,137,ENDEBESS,7f634a49-ee61-5f0a-b75b-cc554b80992c,681,ENDEBESS,faee7853-4586-59cf-adbb-a82c3aec4599,25,KIPSIBO PRIMARY SCHOOL
e7263999-68b6-5a23-b530-af25b7efd632,26,TRANS NZOIA,a731e588-f18b-57a0-ab03-309b2512e123,137,ENDEBESS,7f634a49-ee61-5f0a-b75b-cc554b80992c,681,ENDEBESS,7e3b0a5b-6afb-54e1-bc49-41c50c310171,26,ENDEBESS ESTATE PRIMARY SCHOOL
e7263999-68b6-5a23-b530-af25b7efd632,26,TRANS NZOIA,a731e588-f18b-57a0-ab03-309b2512e123,137,ENDEBESS,7f634a49-ee61-5f0a-b75b-cc554b80992c,681,ENDEBESS,c4b5622b-8a8d-5f01-9bb0-fc67f21747cb,50,MOSS PRIMARY SCHOOL
e7263999-68b6-5a23-b530-af25b7efd632,26,TRANS NZOIA,a731e588-f18b-57a0-ab03-309b2512e123,137,ENDEBESS,7f634a49-ee61-5f0a-b75b-cc554b80992c,681,ENDEBESS,499c5e83-0c57-5c0f-984c-b08eee1f7048,51,TULWOP KESIS PRIMARY SCHOOL
e7263999-68b6-5a23-b530-af25b7efd632,26,TRANS NZOIA,a731e588-f18b-57a0-ab03-309b2512e123,137,ENDEBESS,7f634a49-ee61-5f0a-b75b-cc554b80992c,681,ENDEBESS,ec649eb2-7eec-508e-adb7-166f93af2423,52,LURENDE NURSERY SCHOOL
e7263999-68b6-5a23-b530-af25b7efd632,26,TRANS NZOIA,a731e588-f18b-57a0-ab03-309b2512e123,137,ENDEBESS,7f634a49-ee61-5f0a-b75b-cc554b80992c,681,ENDEBESS,64405396-ed9e-55f3-a898-032572588ae4,53,FEEDLOT PRIMARY SCHOOL
e7263999-68b6-5a23-b530-af25b7efd632,26,TRANS NZOIA,a731e588-f18b-57a0-ab03-309b2512e123,137,ENDEBESS,91fcc971-7eb8-54d4-bbfc-df32d214a74f,682,MATUMBEI,2edf580c-ade7-533e-8c47-730c68d92b9a,27,MATUMBEI PRIMARY SCHOOL
e7263999-68b6-5a23-b530-af25b7efd632,26,TRANS NZOIA,a731e588-f18b-57a0-ab03-309b2512e123,137,ENDEBESS,91fcc971-7eb8-54d4-bbfc-df32d214a74f,682,MATUMBEI,7364f1ab-2d39-575b-a41b-19e7c378e8a4,28,SALAMA PRIMARY SCHOOL
e7263999-68b6-5a23-b530-af25b7efd632,26,TRANS NZOIA,a731e588-f18b-57a0-ab03-309b2512e123,137,ENDEBESS,91fcc971-7eb8-54d4-bbfc-df32d214a74f,682,MATUMBEI,b736e1d4-f6d6-57ea-b354-3712f4e6b53a,29,CHEPTIKIT PRIMARY SCHOOL
e7263999-68b6-5a23-b530-af25b7efd632,26,TRANS NZOIA,a731e588-f18b-57a0-ab03-309b2512e123,137,ENDEBESS,91fcc971-7eb8-54d4-bbfc-df32d214a74f,682,MATUMBEI,d523c13d-94e0-5f9b-891d-5e0fc41e817a,30,TITIMET PRIMARY SCHOOL
e7263999-68b6-5a23-b530-af25b7efd632,26,TRANS NZOIA,a731e588-f18b-57a0-ab03-309b2512e123,137,ENDEBESS,91fcc971-7eb8-54d4-bbfc-df32d214a74f,682,MATUMBEI,80722228-7b53-5ed5-921d-87d8b28d4736,31,BWALA PRIMARY SCHOOL
e7263999-68b6-5a23-b530-af25b7efd632,26,TRANS NZOIA,a731e588-f18b-57a0-ab03-309b2512e123,137,ENDEBESS,91fcc971-7eb8-54d4-bbfc-df32d214a74f,682,MATUMBEI,9fc5acc6-b603-5887-81e5-f1abf3fd7edf,32,KIMWONDO PRIMARY SCHOOL
e7263999-68b6-5a23-b530-af25b7efd632,26,TRANS NZOIA,a731e588-f18b-57a0-ab03-309b2512e123,137,ENDEBESS,91fcc971-7eb8-54d4-bbfc-df32d214a74f,682,MATUMBEI,773e2ecf-3384-5f6b-bdf2-cd218c2581c1,33,CHEMKENGEN PRIMARY SCHOOL
e7263999-68b6-5a23-b530-af25b7efd632,26,TRANS NZOIA,a731e588-f18b-57a0-ab03-309b2512e123,137,ENDEBESS,91fcc971-7eb8-54d4-bbfc-df32d214a74f,682,MATUMBEI,4f202cf8-c808-5276-a6b3-0e89b74ca15f,34,NALULINGO PRIMARY SCHOOL
e7263999-68b6-5a23-b530-af25b7efd632,26,TRANS NZOIA,a731e588-f18b-57a0-ab03-309b2512e123,137,ENDEBESS,91fcc971-7eb8-54d4-bbfc-df32d214a74f,682,MATUMBEI,b3c0989f-0289-5c7c-ba0f-97f4296ac709,35,NAMUCHULA PRIMARY SCHOOL
e7263999-68b6-5a23-b530-af25b7efd632,26,TRANS NZOIA,a731e588-f18b-57a0-ab03-309b2512e123,137,ENDEBESS,91fcc971-7eb8-54d4-bbfc-df32d214a74f,682,MATUMBEI,5e5fd25f-3f02-5ad1-bf41-cc8b39c30369,36,MUBERE PRIMARY SCHOOL
e7263999-68b6-5a23-b530-af25b7efd632,26,TRANS NZOIA,a731e588-f18b-57a0-ab03-309b2512e123,137,ENDEBESS,91fcc971-7eb8-54d4-bbfc-df32d214a74f,682,MATUMBEI,b0011684-ce0a-5924-8e20-b4e4073c403b,37,CHEPSALEI PRIMARY SCHOOL
e7263999-68b6-5a23-b530-af25b7efd632,26,TRANS NZOIA,a731e588-f18b-57a0-ab03-309b2512e123,137,ENDEBESS,91fcc971-7eb8-54d4-bbfc-df32d214a74f,682,MATUMBEI,e1c2e133-eef6-5aeb-be0f-86b322bba353,38,CHESITIA PRIMARY SCHOOL
e7263999-68b6-5a23-b530-af25b7efd632,26,TRANS NZOIA,a731e588-f18b-57a0-ab03-309b2512e123,137,ENDEBESS,91fcc971-7eb8-54d4-bbfc-df32d214a74f,682,MATUMBEI,68a43e04-2291-58dd-9e1e-53170dbb691a,39,KAPKURES PRIMARY SCHOOL
e7263999-68b6-5a23-b530-af25b7efd632,26,TRANS NZOIA,a731e588-f18b-57a0-ab03-309b2512e123,137,ENDEBESS,91fcc971-7eb8-54d4-bbfc-df32d214a74f,682,MATUMBEI,098e31ec-7cbf-5b20-9dc1-3ef61cd3ae2a,40,KAIBEI PRIMARY SCHOOL
e7263999-68b6-5a23-b530-af25b7efd632,26,TRANS NZOIA,a731e588-f18b-57a0-ab03-309b2512e123,137,ENDEBESS,91fcc971-7eb8-54d4-bbfc-df32d214a74f,682,MATUMBEI,664b03b2-fb1b-508b-bd9a-e3d6b425445e,41,BASALE PRIMARY SCHOOL
e7263999-68b6-5a23-b530-af25b7efd632,26,TRANS NZOIA,a731e588-f18b-57a0-ab03-309b2512e123,137,ENDEBESS,91fcc971-7eb8-54d4-bbfc-df32d214a74f,682,MATUMBEI,0c92c8d4-ee04-529a-80f0-8f93e40c2f21,54,LABOT PRIMARY SCHOOL
e7263999-68b6-5a23-b530-af25b7efd632,26,TRANS NZOIA,a731e588-f18b-57a0-ab03-309b2512e123,137,ENDEBESS,91fcc971-7eb8-54d4-bbfc-df32d214a74f,682,MATUMBEI,2a7ac7d5-3c7b-5a93-be20-5f9d8ba25b20,55,KITINDA PRIMARY SCHOOL
e7263999-68b6-5a23-b530-af25b7efd632,26,TRANS NZOIA,a731e588-f18b-57a0-ab03-309b2512e123,137,ENDEBESS,91fcc971-7eb8-54d4-bbfc-df32d214a74f,682,MATUMBEI,bafee812-2418-53fd-9715-08dffe493129,56,NABAKHWANA PRIMARY SCHOOL
e7263999-68b6-5a23-b530-af25b7efd632,26,TRANS NZOIA,a731e588-f18b-57a0-ab03-309b2512e123,137,ENDEBESS,91fcc971-7eb8-54d4-bbfc-df32d214a74f,682,MATUMBEI,a4a17c15-de70-5d0f-a005-aab65ff1056c,57,CHEPKWIROT PRIMARY SCHOOL
e7263999-68b6-5a23-b530-af25b7efd632,26,TRANS NZOIA,0dd39155-a334-504e-b7aa-439b963e6327,138,SABOTI,614c4a41-81d7-5083-a167-90749c835892,683,KINYORO,1a20122d-9434-59bf-98a3-bc6aa1c69d71,1,PANGO PRIMARY SCHOOL
e7263999-68b6-5a23-b530-af25b7efd632,26,TRANS NZOIA,0dd39155-a334-504e-b7aa-439b963e6327,138,SABOTI,614c4a41-81d7-5083-a167-90749c835892,683,KINYORO,5b0f7e9d-f789-558c-8b1e-c278e7bb9c7d,2,CHEPTUMBELIO PRIMARY SCHOOL
e7263999-68b6-5a23-b530-af25b7efd632,26,TRANS NZOIA,0dd39155-a334-504e-b7aa-439b963e6327,138,SABOTI,614c4a41-81d7-5083-a167-90749c835892,683,KINYORO,9be7aa8c-e36d-5c73-810a-f7be2b929a64,3,ST. BARNABA'S TELDET PRIMARY SCHOOL
e7263999-68b6-5a23-b530-af25b7efd632,26,TRANS NZOIA,0dd39155-a334-504e-b7aa-439b963e6327,138,SABOTI,614c4a41-81d7-5083-a167-90749c835892,683,KINYORO,f4d1a736-b258-53c4-8b34-7b8421a88df6,4,LUANDA PRIMARY SCHOOL
e7263999-68b6-5a23-b530-af25b7efd632,26,TRANS NZOIA,0dd39155-a334-504e-b7aa-439b963e6327,138,SABOTI,614c4a41-81d7-5083-a167-90749c835892,683,KINYORO,38c25ed5-170a-5ed8-a1f4-54c8d0249a6f,5,KISAWAI PRIMARY SCHOOL
e7263999-68b6-5a23-b530-af25b7efd632,26,TRANS NZOIA,0dd39155-a334-504e-b7aa-439b963e6327,138,SABOTI,614c4a41-81d7-5083-a167-90749c835892,683,KINYORO,fbfca99f-6b28-5473-9382-fd60f0837dbf,6,MILEMBE PRIMARY SCHOOL
e7263999-68b6-5a23-b530-af25b7efd632,26,TRANS NZOIA,0dd39155-a334-504e-b7aa-439b963e6327,138,SABOTI,614c4a41-81d7-5083-a167-90749c835892,683,KINYORO,0c83f7d3-1d10-5e6b-8d65-3c382c7f31a2,7,AIC CHEPKUY
e7263999-68b6-5a23-b530-af25b7efd632,26,TRANS NZOIA,0dd39155-a334-504e-b7aa-439b963e6327,138,SABOTI,614c4a41-81d7-5083-a167-90749c835892,683,KINYORO,265463ad-f493-5979-b8b4-ce08783928c2,8,KINYORO PRIMARY SCHOOL
e7263999-68b6-5a23-b530-af25b7efd632,26,TRANS NZOIA,0dd39155-a334-504e-b7aa-439b963e6327,138,SABOTI,614c4a41-81d7-5083-a167-90749c835892,683,KINYORO,97757f6a-17af-5cbe-a0df-0b6b644da0df,9,NAKAMI FRIENDS SECONDARY SCHOOL
e7263999-68b6-5a23-b530-af25b7efd632,26,TRANS NZOIA,0dd39155-a334-504e-b7aa-439b963e6327,138,SABOTI,614c4a41-81d7-5083-a167-90749c835892,683,KINYORO,e5c5737e-4c05-5615-a9ad-2f1abb538dd6,10,MAKHELE PRIMARY SCHOOL
e7263999-68b6-5a23-b530-af25b7efd632,26,TRANS NZOIA,0dd39155-a334-504e-b7aa-439b963e6327,138,SABOTI,614c4a41-81d7-5083-a167-90749c835892,683,KINYORO,80d47ee1-0e0c-5517-8251-12e6b08c18f2,11,SIKULU PRIMARY SCHOOL
e7263999-68b6-5a23-b530-af25b7efd632,26,TRANS NZOIA,0dd39155-a334-504e-b7aa-439b963e6327,138,SABOTI,614c4a41-81d7-5083-a167-90749c835892,683,KINYORO,c80c9278-356e-5ff5-b404-021dc78dab51,12,LUNGAI CEB
e7263999-68b6-5a23-b530-af25b7efd632,26,TRANS NZOIA,0dd39155-a334-504e-b7aa-439b963e6327,138,SABOTI,614c4a41-81d7-5083-a167-90749c835892,683,KINYORO,ad0e1166-1822-5b22-912a-9771536a78f7,13,KATALEL PRIMARY SCHOOL
e7263999-68b6-5a23-b530-af25b7efd632,26,TRANS NZOIA,0dd39155-a334-504e-b7aa-439b963e6327,138,SABOTI,614c4a41-81d7-5083-a167-90749c835892,683,KINYORO,ee14f0bd-ce28-58fa-b5fe-6396f63c59b1,14,MANOR HOUSE AGRICULTURAL CENTRE
e7263999-68b6-5a23-b530-af25b7efd632,26,TRANS NZOIA,0dd39155-a334-504e-b7aa-439b963e6327,138,SABOTI,614c4a41-81d7-5083-a167-90749c835892,683,KINYORO,a106e57b-aad7-5f4e-bcbf-d1f142614934,15,TUYOOKONY PRIMARY SCHOOL
e7263999-68b6-5a23-b530-af25b7efd632,26,TRANS NZOIA,0dd39155-a334-504e-b7aa-439b963e6327,138,SABOTI,614c4a41-81d7-5083-a167-90749c835892,683,KINYORO,a5265cdd-d93e-520a-aec9-84a215049c81,16,SANGO PRIMARY SCHOOL
e7263999-68b6-5a23-b530-af25b7efd632,26,TRANS NZOIA,0dd39155-a334-504e-b7aa-439b963e6327,138,SABOTI,614c4a41-81d7-5083-a167-90749c835892,683,KINYORO,08e15ad1-4877-5b3b-89fc-ac762b8748be,17,CHEPKOILEL PRIMARY SSCHOOL
e7263999-68b6-5a23-b530-af25b7efd632,26,TRANS NZOIA,0dd39155-a334-504e-b7aa-439b963e6327,138,SABOTI,4852c972-43bb-55c6-a1e0-e0858930e593,684,MATISI,1b9777d8-ec76-5c39-b94c-3e9de4d47def,18,FRIENDS MATISI PRIMARY SCHOOL
e7263999-68b6-5a23-b530-af25b7efd632,26,TRANS NZOIA,0dd39155-a334-504e-b7aa-439b963e6327,138,SABOTI,4852c972-43bb-55c6-a1e0-e0858930e593,684,MATISI,78e68d76-fa8d-5e99-8a70-68e13898cb36,19,MATISI CATTLE DIP
e7263999-68b6-5a23-b530-af25b7efd632,26,TRANS NZOIA,0dd39155-a334-504e-b7aa-439b963e6327,138,SABOTI,4852c972-43bb-55c6-a1e0-e0858930e593,684,MATISI,0c70f55b-a320-5738-8a5a-674de0874815,20,CHETOTO PRIMARY SCHOOL
e7263999-68b6-5a23-b530-af25b7efd632,26,TRANS NZOIA,0dd39155-a334-504e-b7aa-439b963e6327,138,SABOTI,4852c972-43bb-55c6-a1e0-e0858930e593,684,MATISI,7990ebc0-a7ce-5e3a-b85b-58f77aea3f56,21,RAFIKI PRIMARY SCHOOL
e7263999-68b6-5a23-b530-af25b7efd632,26,TRANS NZOIA,0dd39155-a334-504e-b7aa-439b963e6327,138,SABOTI,4852c972-43bb-55c6-a1e0-e0858930e593,684,MATISI,d5e59899-ae3e-5030-917c-47c95048ae02,22,TOWN HALL
e7263999-68b6-5a23-b530-af25b7efd632,26,TRANS NZOIA,0dd39155-a334-504e-b7aa-439b963e6327,138,SABOTI,4852c972-43bb-55c6-a1e0-e0858930e593,684,MATISI,2783000f-2a40-5903-b089-7738f65630a9,23,GRASSLAND PRIMARY SCHOOL
e7263999-68b6-5a23-b530-af25b7efd632,26,TRANS NZOIA,0dd39155-a334-504e-b7aa-439b963e6327,138,SABOTI,4852c972-43bb-55c6-a1e0-e0858930e593,684,MATISI,b6f5a3e1-d01e-5ba8-87e5-cc8473be0933,24,ST. JOSEPH'S BOYS SECONDARY SCHOOL
e7263999-68b6-5a23-b530-af25b7efd632,26,TRANS NZOIA,0dd39155-a334-504e-b7aa-439b963e6327,138,SABOTI,4852c972-43bb-55c6-a1e0-e0858930e593,684,MATISI,4a7ed147-c08a-5c92-b238-e7771bef9e31,25,TOP STATION PRIMARY SCHOOL
e7263999-68b6-5a23-b530-af25b7efd632,26,TRANS NZOIA,0dd39155-a334-504e-b7aa-439b963e6327,138,SABOTI,4852c972-43bb-55c6-a1e0-e0858930e593,684,MATISI,16240672-169c-5883-b70a-c9dd7f5f1870,26,KITALE MAIN PRISON
e7263999-68b6-5a23-b530-af25b7efd632,26,TRANS NZOIA,0dd39155-a334-504e-b7aa-439b963e6327,138,SABOTI,4852c972-43bb-55c6-a1e0-e0858930e593,684,MATISI,e93365a1-9398-5f40-8a25-d9273f3b89d6,27,KITALE FARM PRISON PRIMARY SCHOOL
e7263999-68b6-5a23-b530-af25b7efd632,26,TRANS NZOIA,0dd39155-a334-504e-b7aa-439b963e6327,138,SABOTI,36b27458-39d3-51b9-b8d2-5c852c8eee45,685,TUWANI,772ef174-e7cb-5bc5-91bd-a716303d8d6e,28,TUWANI PRIMARY SCHOOL
e7263999-68b6-5a23-b530-af25b7efd632,26,TRANS NZOIA,0dd39155-a334-504e-b7aa-439b963e6327,138,SABOTI,36b27458-39d3-51b9-b8d2-5c852c8eee45,685,TUWANI,3472ecf1-5749-5edf-8e7d-c2c38b0a8af9,29,EUGENE WAMALWA PRIMARY SCHOOL
e7263999-68b6-5a23-b530-af25b7efd632,26,TRANS NZOIA,0dd39155-a334-504e-b7aa-439b963e6327,138,SABOTI,36b27458-39d3-51b9-b8d2-5c852c8eee45,685,TUWANI,9f402c68-2aa9-5f19-bbf7-7833c82bf204,30,ST. COLUMBUS PRIMARY SCHOOL
e7263999-68b6-5a23-b530-af25b7efd632,26,TRANS NZOIA,0dd39155-a334-504e-b7aa-439b963e6327,138,SABOTI,36b27458-39d3-51b9-b8d2-5c852c8eee45,685,TUWANI,044f504c-cb45-5022-a0c5-34313476b1c7,31,KITALE VOCATIONAL TRAINING CENTER
e7263999-68b6-5a23-b530-af25b7efd632,26,TRANS NZOIA,0dd39155-a334-504e-b7aa-439b963e6327,138,SABOTI,36b27458-39d3-51b9-b8d2-5c852c8eee45,685,TUWANI,de73f36d-eeeb-5f52-b43a-e2efafa18513,32,TRANS NZOIA COUNTY SOCIAL HALL GROUN
e7263999-68b6-5a23-b530-af25b7efd632,26,TRANS NZOIA,0dd39155-a334-504e-b7aa-439b963e6327,138,SABOTI,36b27458-39d3-51b9-b8d2-5c852c8eee45,685,TUWANI,4be98353-7b56-54e1-8e8e-87a4376632ca,33,TRANS NZOIA PRIMARY SCHOOL
e7263999-68b6-5a23-b530-af25b7efd632,26,TRANS NZOIA,0dd39155-a334-504e-b7aa-439b963e6327,138,SABOTI,36b27458-39d3-51b9-b8d2-5c852c8eee45,685,TUWANI,efcb892a-37cb-589b-903d-0a9ef8c8c98b,34,G.K. REMAND PRISON PRIMARY SCHOOL
e7263999-68b6-5a23-b530-af25b7efd632,26,TRANS NZOIA,0dd39155-a334-504e-b7aa-439b963e6327,138,SABOTI,201a6f38-4586-5863-86f8-0de940006c11,686,SABOTI,614a17f6-acd8-5824-8128-210def76e5f5,35,ACK GITUAMBA PRIMARY SCHOOL
e7263999-68b6-5a23-b530-af25b7efd632,26,TRANS NZOIA,0dd39155-a334-504e-b7aa-439b963e6327,138,SABOTI,201a6f38-4586-5863-86f8-0de940006c11,686,SABOTI,dd8dc7a6-c444-5cba-8b21-c9f8f783b541,36,ST. JOHN'S SIKINWA PRIMARY SCHOOL
e7263999-68b6-5a23-b530-af25b7efd632,26,TRANS NZOIA,0dd39155-a334-504e-b7aa-439b963e6327,138,SABOTI,201a6f38-4586-5863-86f8-0de940006c11,686,SABOTI,ebdb6f30-5dfd-5193-a7c8-1d32db2c13e6,37,ST. JOHN'S SIKINWA SECONDARY SCHOOL
e7263999-68b6-5a23-b530-af25b7efd632,26,TRANS NZOIA,0dd39155-a334-504e-b7aa-439b963e6327,138,SABOTI,201a6f38-4586-5863-86f8-0de940006c11,686,SABOTI,49442652-0230-595c-8196-a1d2ea141b80,38,KIPSAGAM PRIMARY SCHOOL
e7263999-68b6-5a23-b530-af25b7efd632,26,TRANS NZOIA,0dd39155-a334-504e-b7aa-439b963e6327,138,SABOTI,201a6f38-4586-5863-86f8-0de940006c11,686,SABOTI,e9dd1edd-fcb9-58e4-b02a-328a4eace529,39,MENGO PRIMARY SCHOOL
e7263999-68b6-5a23-b530-af25b7efd632,26,TRANS NZOIA,0dd39155-a334-504e-b7aa-439b963e6327,138,SABOTI,201a6f38-4586-5863-86f8-0de940006c11,686,SABOTI,ee336ba8-f715-5bbb-aeb2-28e98a045c1b,40,MUROKI FRIENDS PRIMARY SCHOOL
e7263999-68b6-5a23-b530-af25b7efd632,26,TRANS NZOIA,0dd39155-a334-504e-b7aa-439b963e6327,138,SABOTI,201a6f38-4586-5863-86f8-0de940006c11,686,SABOTI,d08595eb-5d84-5cf3-849a-e304cd33b2ce,41,KAPRETWA PRIMARY SCHOOL
e7263999-68b6-5a23-b530-af25b7efd632,26,TRANS NZOIA,0dd39155-a334-504e-b7aa-439b963e6327,138,SABOTI,201a6f38-4586-5863-86f8-0de940006c11,686,SABOTI,46eb52bf-a3b7-545d-89cd-53cdcbe7e77c,42,SUKWO PRIMARY SCHOOL
e7263999-68b6-5a23-b530-af25b7efd632,26,TRANS NZOIA,0dd39155-a334-504e-b7aa-439b963e6327,138,SABOTI,201a6f38-4586-5863-86f8-0de940006c11,686,SABOTI,d39c456d-7095-5128-b269-096d3ad28ada,43,SABOTI CEB PRIMARY SCHOOL
e7263999-68b6-5a23-b530-af25b7efd632,26,TRANS NZOIA,0dd39155-a334-504e-b7aa-439b963e6327,138,SABOTI,201a6f38-4586-5863-86f8-0de940006c11,686,SABOTI,d5dabef4-b913-58cf-8ec3-d868e0997b79,44,ST. PATRICK'S PRIMARY SCHOOL-KOYKOY
e7263999-68b6-5a23-b530-af25b7efd632,26,TRANS NZOIA,0dd39155-a334-504e-b7aa-439b963e6327,138,SABOTI,8678fba5-6a04-5b11-8aba-46c95219889d,687,MACHEWA,2d4738a2-e821-537a-9b53-c12625c0c2a4,45,MT.ELGON PRIMARY SCHOOL
e7263999-68b6-5a23-b530-af25b7efd632,26,TRANS NZOIA,0dd39155-a334-504e-b7aa-439b963e6327,138,SABOTI,8678fba5-6a04-5b11-8aba-46c95219889d,687,MACHEWA,770d7373-7a02-5707-8075-7004870f1a2b,46,MACHEWA PRIMARY SCHOOL
e7263999-68b6-5a23-b530-af25b7efd632,26,TRANS NZOIA,0dd39155-a334-504e-b7aa-439b963e6327,138,SABOTI,8678fba5-6a04-5b11-8aba-46c95219889d,687,MACHEWA,a3b6817a-4369-5cd9-9317-0bab30c9e61a,47,CHEMI CHEMI PRIMARY SCHOOL
e7263999-68b6-5a23-b530-af25b7efd632,26,TRANS NZOIA,0dd39155-a334-504e-b7aa-439b963e6327,138,SABOTI,8678fba5-6a04-5b11-8aba-46c95219889d,687,MACHEWA,8739b8cf-1737-5e1f-997f-9f5bbafb0f13,48,MWITHA PRIMARY SCHOOL
e7263999-68b6-5a23-b530-af25b7efd632,26,TRANS NZOIA,0dd39155-a334-504e-b7aa-439b963e6327,138,SABOTI,8678fba5-6a04-5b11-8aba-46c95219889d,687,MACHEWA,58eb212b-4a20-510a-949a-ad49819bdeb8,49,LUKESI PRIMARY SCHOOL
e7263999-68b6-5a23-b530-af25b7efd632,26,TRANS NZOIA,0dd39155-a334-504e-b7aa-439b963e6327,138,SABOTI,8678fba5-6a04-5b11-8aba-46c95219889d,687,MACHEWA,0997a2d2-8022-58aa-865e-ded0147326c4,50,LUKHOME FYM PRIMARY SCHOOL
e7263999-68b6-5a23-b530-af25b7efd632,26,TRANS NZOIA,0dd39155-a334-504e-b7aa-439b963e6327,138,SABOTI,8678fba5-6a04-5b11-8aba-46c95219889d,687,MACHEWA,1d641916-d342-5cff-897b-5531b1283cfb,51,LUKOSI PRIMARY SCHOOL
e7263999-68b6-5a23-b530-af25b7efd632,26,TRANS NZOIA,a2e5514a-92f5-5893-a220-64138a39d8f3,139,KIMININI,69fbb02c-21c4-5f8f-a556-52878d8a2b23,688,KIMININI,a2719d59-018c-57b6-8a45-2d63d0d04921,1,KONOIN PRIMARY SCHOOL
e7263999-68b6-5a23-b530-af25b7efd632,26,TRANS NZOIA,a2e5514a-92f5-5893-a220-64138a39d8f3,139,KIMININI,69fbb02c-21c4-5f8f-a556-52878d8a2b23,688,KIMININI,6c2a4352-db89-50a5-98a0-7cf3f4c1eaae,2,NYAMIRA PRIMARY SCHOOL
e7263999-68b6-5a23-b530-af25b7efd632,26,TRANS NZOIA,a2e5514a-92f5-5893-a220-64138a39d8f3,139,KIMININI,69fbb02c-21c4-5f8f-a556-52878d8a2b23,688,KIMININI,9102d3b7-ff6e-5214-b1b0-1cfd6ec89b56,3,MITOTO PRIMARY SCHOOL
e7263999-68b6-5a23-b530-af25b7efd632,26,TRANS NZOIA,a2e5514a-92f5-5893-a220-64138a39d8f3,139,KIMININI,69fbb02c-21c4-5f8f-a556-52878d8a2b23,688,KIMININI,1db36af8-2779-5ea1-b8d9-2f90be1a5aa9,4,KIMININI PRIMARY SCHOOL
e7263999-68b6-5a23-b530-af25b7efd632,26,TRANS NZOIA,a2e5514a-92f5-5893-a220-64138a39d8f3,139,KIMININI,69fbb02c-21c4-5f8f-a556-52878d8a2b23,688,KIMININI,f48a00ec-ffe3-57ef-bd09-02f91006b4eb,5,WEKHONYE PRIMARY SCHOOL
e7263999-68b6-5a23-b530-af25b7efd632,26,TRANS NZOIA,a2e5514a-92f5-5893-a220-64138a39d8f3,139,KIMININI,69fbb02c-21c4-5f8f-a556-52878d8a2b23,688,KIMININI,457f5f91-d3de-5c31-850b-870a9a8c41b3,6,NAKWANGWA PRIMARY SCHOOL
e7263999-68b6-5a23-b530-af25b7efd632,26,TRANS NZOIA,a2e5514a-92f5-5893-a220-64138a39d8f3,139,KIMININI,69fbb02c-21c4-5f8f-a556-52878d8a2b23,688,KIMININI,d4ddb935-a12a-579d-90a7-052f057b3657,7,BIG TREE PRIMARY SCHOOL
e7263999-68b6-5a23-b530-af25b7efd632,26,TRANS NZOIA,a2e5514a-92f5-5893-a220-64138a39d8f3,139,KIMININI,69fbb02c-21c4-5f8f-a556-52878d8a2b23,688,KIMININI,ac9ff03c-42b5-524e-8992-345681ecaf53,8,SABATA PRIMARY SCHOOL
e7263999-68b6-5a23-b530-af25b7efd632,26,TRANS NZOIA,a2e5514a-92f5-5893-a220-64138a39d8f3,139,KIMININI,69fbb02c-21c4-5f8f-a556-52878d8a2b23,688,KIMININI,417d274a-8c1a-5b0c-93a5-7248116e4736,9,MESO PRIMARY SCHOOL
e7263999-68b6-5a23-b530-af25b7efd632,26,TRANS NZOIA,a2e5514a-92f5-5893-a220-64138a39d8f3,139,KIMININI,69fbb02c-21c4-5f8f-a556-52878d8a2b23,688,KIMININI,2b1ca45a-f601-5f29-951e-b7706aba7dc8,50,MBAO FARM PRIMARY SCHOOL
e7263999-68b6-5a23-b530-af25b7efd632,26,TRANS NZOIA,a2e5514a-92f5-5893-a220-64138a39d8f3,139,KIMININI,88528677-98e0-5ce2-a518-189c705e538a,689,WAITALUK,a9b12a00-7f97-5960-9bb8-e42e1f253817,10,KAPKOI SISAL PRIMARY SCHOOL
e7263999-68b6-5a23-b530-af25b7efd632,26,TRANS NZOIA,a2e5514a-92f5-5893-a220-64138a39d8f3,139,KIMININI,88528677-98e0-5ce2-a518-189c705e538a,689,WAITALUK,3829eef3-a86b-595b-b38e-3accb44c0f4d,11,AMAGORO PRIMARY SCHOOL
e7263999-68b6-5a23-b530-af25b7efd632,26,TRANS NZOIA,a2e5514a-92f5-5893-a220-64138a39d8f3,139,KIMININI,88528677-98e0-5ce2-a518-189c705e538a,689,WAITALUK,e6e3cf3b-7c54-5856-bef0-d0e7d7bca277,12,WAITALUK PRIMARY SCHOOL
e7263999-68b6-5a23-b530-af25b7efd632,26,TRANS NZOIA,a2e5514a-92f5-5893-a220-64138a39d8f3,139,KIMININI,88528677-98e0-5ce2-a518-189c705e538a,689,WAITALUK,b5369197-8562-58ec-97bc-5588f780b70c,13,MITONI MITATU PRIMARY SCHOOL
e7263999-68b6-5a23-b530-af25b7efd632,26,TRANS NZOIA,a2e5514a-92f5-5893-a220-64138a39d8f3,139,KIMININI,88528677-98e0-5ce2-a518-189c705e538a,689,WAITALUK,d53f3b96-d2b4-567f-8642-0d1a43edb150,14,NYABOMO PRIMARY SCHOOL
e7263999-68b6-5a23-b530-af25b7efd632,26,TRANS NZOIA,a2e5514a-92f5-5893-a220-64138a39d8f3,139,KIMININI,88528677-98e0-5ce2-a518-189c705e538a,689,WAITALUK,7727bcc4-5575-580d-b28c-1cab7dbb611f,15,KIBAGENGE PRIMARY SCHOOL
e7263999-68b6-5a23-b530-af25b7efd632,26,TRANS NZOIA,a2e5514a-92f5-5893-a220-64138a39d8f3,139,KIMININI,88528677-98e0-5ce2-a518-189c705e538a,689,WAITALUK,3ec7a65f-369b-562c-b926-473ba0c46e6b,16,MABONDE PRIMARY SCHOOL
e7263999-68b6-5a23-b530-af25b7efd632,26,TRANS NZOIA,a2e5514a-92f5-5893-a220-64138a39d8f3,139,KIMININI,88528677-98e0-5ce2-a518-189c705e538a,689,WAITALUK,674f118c-4b9d-5f59-983f-6de564cf8d27,17,MOKOIYWET PRIMARY SCHOOL
e7263999-68b6-5a23-b530-af25b7efd632,26,TRANS NZOIA,a2e5514a-92f5-5893-a220-64138a39d8f3,139,KIMININI,88528677-98e0-5ce2-a518-189c705e538a,689,WAITALUK,ef129d7d-e122-5aa1-90f4-5a6e9b0969ba,18,KAHUHO PRIMARY SCHOOL
e7263999-68b6-5a23-b530-af25b7efd632,26,TRANS NZOIA,a2e5514a-92f5-5893-a220-64138a39d8f3,139,KIMININI,88528677-98e0-5ce2-a518-189c705e538a,689,WAITALUK,6c412dab-8aa3-58fb-9e73-0d13871665c9,19,NAMGOI PRIMARY SCHOOL
e7263999-68b6-5a23-b530-af25b7efd632,26,TRANS NZOIA,a2e5514a-92f5-5893-a220-64138a39d8f3,139,KIMININI,88528677-98e0-5ce2-a518-189c705e538a,689,WAITALUK,33bcec1f-682d-5ade-9fe2-691f996913fe,51,CHRIS WAMALWA PRIMARY SCHOOL
e7263999-68b6-5a23-b530-af25b7efd632,26,TRANS NZOIA,a2e5514a-92f5-5893-a220-64138a39d8f3,139,KIMININI,88528677-98e0-5ce2-a518-189c705e538a,689,WAITALUK,f9611edf-2bb7-5f52-9e49-a75c71a617d3,52,ST STEPHEN MITAMBO PRIMARY SCHOOL
e7263999-68b6-5a23-b530-af25b7efd632,26,TRANS NZOIA,a2e5514a-92f5-5893-a220-64138a39d8f3,139,KIMININI,88528677-98e0-5ce2-a518-189c705e538a,689,WAITALUK,3e8279fb-9a83-53ef-8d82-e4f8b4e66f9c,53,SIMATWET PRIMARY SCHOOL
e7263999-68b6-5a23-b530-af25b7efd632,26,TRANS NZOIA,a2e5514a-92f5-5893-a220-64138a39d8f3,139,KIMININI,292e1f81-83ae-537c-b16a-fdfa7271adfd,690,SIRENDE,db0143a1-81a4-5d11-a660-cd0adf79d94c,20,KAPTIEN PRIMARY SCHOOL
e7263999-68b6-5a23-b530-af25b7efd632,26,TRANS NZOIA,a2e5514a-92f5-5893-a220-64138a39d8f3,139,KIMININI,292e1f81-83ae-537c-b16a-fdfa7271adfd,690,SIRENDE,d93579fc-f860-54c1-89e8-b9d6286d8780,21,WEHOYA PRIMARY SCHOOL
e7263999-68b6-5a23-b530-af25b7efd632,26,TRANS NZOIA,a2e5514a-92f5-5893-a220-64138a39d8f3,139,KIMININI,292e1f81-83ae-537c-b16a-fdfa7271adfd,690,SIRENDE,9472c338-1366-5b53-98ac-e5fdd48086ac,22,TOROR PRIMARY SCHOOL
e7263999-68b6-5a23-b530-af25b7efd632,26,TRANS NZOIA,a2e5514a-92f5-5893-a220-64138a39d8f3,139,KIMININI,292e1f81-83ae-537c-b16a-fdfa7271adfd,690,SIRENDE,579f30bd-4d71-534f-b421-a01d615640ff,23,SIRENDE PRIMARY SCHOOL
e7263999-68b6-5a23-b530-af25b7efd632,26,TRANS NZOIA,a2e5514a-92f5-5893-a220-64138a39d8f3,139,KIMININI,292e1f81-83ae-537c-b16a-fdfa7271adfd,690,SIRENDE,b17919c1-72d1-5c84-84df-6785ed948913,24,MISEMWA PRIMARY SCHOOL
e7263999-68b6-5a23-b530-af25b7efd632,26,TRANS NZOIA,a2e5514a-92f5-5893-a220-64138a39d8f3,139,KIMININI,292e1f81-83ae-537c-b16a-fdfa7271adfd,690,SIRENDE,f62b6922-ae2f-5e80-a2bd-603cbb25c559,25,MACHUNGWA PRIMARY SCHOOL
e7263999-68b6-5a23-b530-af25b7efd632,26,TRANS NZOIA,a2e5514a-92f5-5893-a220-64138a39d8f3,139,KIMININI,292e1f81-83ae-537c-b16a-fdfa7271adfd,690,SIRENDE,fc8ebfbe-d01f-5f51-b2b0-177b2817a24d,26,BIKEKE PRIMARY SCHOOL
e7263999-68b6-5a23-b530-af25b7efd632,26,TRANS NZOIA,a2e5514a-92f5-5893-a220-64138a39d8f3,139,KIMININI,292e1f81-83ae-537c-b16a-fdfa7271adfd,690,SIRENDE,66eed5b7-ed5e-52e7-852f-b3596a9a3271,27,LUMULI PRIMARY SCHOOL
e7263999-68b6-5a23-b530-af25b7efd632,26,TRANS NZOIA,a2e5514a-92f5-5893-a220-64138a39d8f3,139,KIMININI,292e1f81-83ae-537c-b16a-fdfa7271adfd,690,SIRENDE,64451985-e2d1-5e4b-9975-44e5493bcce3,54,SIBWANI PRIMARY SCHOOL
e7263999-68b6-5a23-b530-af25b7efd632,26,TRANS NZOIA,a2e5514a-92f5-5893-a220-64138a39d8f3,139,KIMININI,390e299a-91be-5659-8892-9557d8df4efe,691,HOSPITAL,04fd7262-8c7d-5cc5-bd6e-51a86046aeac,28,KIBOMET PIMARY SCHOOL
e7263999-68b6-5a23-b530-af25b7efd632,26,TRANS NZOIA,a2e5514a-92f5-5893-a220-64138a39d8f3,139,KIMININI,390e299a-91be-5659-8892-9557d8df4efe,691,HOSPITAL,89461e70-da40-5258-acbd-afbce6476298,29,NAISAMBU PRIMARY SCHOOL
e7263999-68b6-5a23-b530-af25b7efd632,26,TRANS NZOIA,a2e5514a-92f5-5893-a220-64138a39d8f3,139,KIMININI,390e299a-91be-5659-8892-9557d8df4efe,691,HOSPITAL,d4a333c8-427c-5a3c-87dc-6da22475d527,30,HILL PRIMARY SCHOOL
e7263999-68b6-5a23-b530-af25b7efd632,26,TRANS NZOIA,a2e5514a-92f5-5893-a220-64138a39d8f3,139,KIMININI,390e299a-91be-5659-8892-9557d8df4efe,691,HOSPITAL,47f9735e-e98c-5b86-9afa-0877aa1f0640,31,SHIMO LA TEWA PRIMARY SCHOOL
e7263999-68b6-5a23-b530-af25b7efd632,26,TRANS NZOIA,a2e5514a-92f5-5893-a220-64138a39d8f3,139,KIMININI,390e299a-91be-5659-8892-9557d8df4efe,691,HOSPITAL,a8b2a53a-6cbe-5b42-9eb0-cbb3aea5b53f,32,MILIMANI PRIMARY SCHOOL
e7263999-68b6-5a23-b530-af25b7efd632,26,TRANS NZOIA,a2e5514a-92f5-5893-a220-64138a39d8f3,139,KIMININI,390e299a-91be-5659-8892-9557d8df4efe,691,HOSPITAL,44e3ce2d-1335-5014-9d25-9d22420bb573,33,KITALE FOREST PRIMARY SCHOOL
e7263999-68b6-5a23-b530-af25b7efd632,26,TRANS NZOIA,a2e5514a-92f5-5893-a220-64138a39d8f3,139,KIMININI,390e299a-91be-5659-8892-9557d8df4efe,691,HOSPITAL,2ce724e8-f5b1-501b-9341-d434778e7be6,34,KITALE LABOUR OFFICE
e7263999-68b6-5a23-b530-af25b7efd632,26,TRANS NZOIA,a2e5514a-92f5-5893-a220-64138a39d8f3,139,KIMININI,390e299a-91be-5659-8892-9557d8df4efe,691,HOSPITAL,8b757124-136c-5127-8df8-03d4e81a989c,55,ST. PONSIANO CATHOLIC CHURCH
e7263999-68b6-5a23-b530-af25b7efd632,26,TRANS NZOIA,a2e5514a-92f5-5893-a220-64138a39d8f3,139,KIMININI,91abb9d4-7de4-5e82-bd3e-6efa6adb3356,692,SIKHENDU,ed5b0301-a7eb-5c28-813e-b609d21f4ab5,35,CHALICHA PRIMARY SCHOOL
e7263999-68b6-5a23-b530-af25b7efd632,26,TRANS NZOIA,a2e5514a-92f5-5893-a220-64138a39d8f3,139,KIMININI,91abb9d4-7de4-5e82-bd3e-6efa6adb3356,692,SIKHENDU,07275243-9d55-58e0-9cc3-5064ffb85936,36,MUCHARAGE PRIMARY SCHOOL
e7263999-68b6-5a23-b530-af25b7efd632,26,TRANS NZOIA,a2e5514a-92f5-5893-a220-64138a39d8f3,139,KIMININI,91abb9d4-7de4-5e82-bd3e-6efa6adb3356,692,SIKHENDU,f0f381fc-081f-525a-bd53-c2dbee381865,37,WEONIA PRIMARY SCHOOL
e7263999-68b6-5a23-b530-af25b7efd632,26,TRANS NZOIA,a2e5514a-92f5-5893-a220-64138a39d8f3,139,KIMININI,91abb9d4-7de4-5e82-bd3e-6efa6adb3356,692,SIKHENDU,57c3ae96-ab97-51d8-aa79-fe706cb9096e,38,IMANI PRIMARY SCHOOL
e7263999-68b6-5a23-b530-af25b7efd632,26,TRANS NZOIA,a2e5514a-92f5-5893-a220-64138a39d8f3,139,KIMININI,91abb9d4-7de4-5e82-bd3e-6efa6adb3356,692,SIKHENDU,f6b3d974-120f-56ab-a58b-34ee7ab19480,39,SIKHENDU PRIMARY SCHOOL
e7263999-68b6-5a23-b530-af25b7efd632,26,TRANS NZOIA,a2e5514a-92f5-5893-a220-64138a39d8f3,139,KIMININI,91abb9d4-7de4-5e82-bd3e-6efa6adb3356,692,SIKHENDU,56d6f256-7860-5660-830b-2ad9e9e81d01,40,KABUYEFWE PRIMARY SCHOOL
e7263999-68b6-5a23-b530-af25b7efd632,26,TRANS NZOIA,a2e5514a-92f5-5893-a220-64138a39d8f3,139,KIMININI,91abb9d4-7de4-5e82-bd3e-6efa6adb3356,692,SIKHENDU,37337569-a178-530a-b932-bd8fd0cd5395,56,NAMANDA PRIMARY SCHOOL
e7263999-68b6-5a23-b530-af25b7efd632,26,TRANS NZOIA,a2e5514a-92f5-5893-a220-64138a39d8f3,139,KIMININI,91abb9d4-7de4-5e82-bd3e-6efa6adb3356,692,SIKHENDU,4536df0d-a023-522d-8d56-d7b76d013fa2,57,MUKUYUNI PRIMARY SCHOOL
e7263999-68b6-5a23-b530-af25b7efd632,26,TRANS NZOIA,a2e5514a-92f5-5893-a220-64138a39d8f3,139,KIMININI,943a8f8f-9f2a-567d-ac8a-0967830e0335,693,NABISWA,bf4291fe-93bc-500d-bf5a-a86c8011b2f6,41,MUUNGANO PRIMARY SCHOOL
e7263999-68b6-5a23-b530-af25b7efd632,26,TRANS NZOIA,a2e5514a-92f5-5893-a220-64138a39d8f3,139,KIMININI,943a8f8f-9f2a-567d-ac8a-0967830e0335,693,NABISWA,cffa8ee5-fe4c-5723-b2b5-82ee286ff171,42,MUFUTU PRIMARY SCHOOL
e7263999-68b6-5a23-b530-af25b7efd632,26,TRANS NZOIA,a2e5514a-92f5-5893-a220-64138a39d8f3,139,KIMININI,943a8f8f-9f2a-567d-ac8a-0967830e0335,693,NABISWA,02dcf210-41b2-5396-a5eb-83fc1723e34c,43,NABUNGA PRIMARY SCHOOL
e7263999-68b6-5a23-b530-af25b7efd632,26,TRANS NZOIA,a2e5514a-92f5-5893-a220-64138a39d8f3,139,KIMININI,943a8f8f-9f2a-567d-ac8a-0967830e0335,693,NABISWA,80df0303-be9b-5990-9a37-6e2860c7e06e,44,NYASI PRIMARY SCHOOL
e7263999-68b6-5a23-b530-af25b7efd632,26,TRANS NZOIA,a2e5514a-92f5-5893-a220-64138a39d8f3,139,KIMININI,943a8f8f-9f2a-567d-ac8a-0967830e0335,693,NABISWA,1d4a4e80-fccb-598f-bbc5-079af5a19823,45,MASABA PRIMARY SCHOOL
e7263999-68b6-5a23-b530-af25b7efd632,26,TRANS NZOIA,a2e5514a-92f5-5893-a220-64138a39d8f3,139,KIMININI,943a8f8f-9f2a-567d-ac8a-0967830e0335,693,NABISWA,82b41698-a356-59bc-8d5f-0b91c348041b,46,NABISWA PRIMARY SCHOOL
e7263999-68b6-5a23-b530-af25b7efd632,26,TRANS NZOIA,a2e5514a-92f5-5893-a220-64138a39d8f3,139,KIMININI,943a8f8f-9f2a-567d-ac8a-0967830e0335,693,NABISWA,f45bf19b-cc6f-5965-86a3-cf8d187cbd50,47,BARATON PRIMARY SCHOOL
e7263999-68b6-5a23-b530-af25b7efd632,26,TRANS NZOIA,a2e5514a-92f5-5893-a220-64138a39d8f3,139,KIMININI,943a8f8f-9f2a-567d-ac8a-0967830e0335,693,NABISWA,05c6c193-685d-552b-82bd-4d945cf7c8ab,48,KIUNGANI PRIMARY SCHOOL
e7263999-68b6-5a23-b530-af25b7efd632,26,TRANS NZOIA,a2e5514a-92f5-5893-a220-64138a39d8f3,139,KIMININI,943a8f8f-9f2a-567d-ac8a-0967830e0335,693,NABISWA,2b3921d4-0708-5439-819b-d7801100dcc8,49,BIRUNDA PRIMARY SCHOOL
e7263999-68b6-5a23-b530-af25b7efd632,26,TRANS NZOIA,a2e5514a-92f5-5893-a220-64138a39d8f3,139,KIMININI,943a8f8f-9f2a-567d-ac8a-0967830e0335,693,NABISWA,56384aa2-f9d6-5400-bfdc-62bfe1923ca8,58,MILELE PRIMARY SCHOOL
e7263999-68b6-5a23-b530-af25b7efd632,26,TRANS NZOIA,a2e5514a-92f5-5893-a220-64138a39d8f3,139,KIMININI,943a8f8f-9f2a-567d-ac8a-0967830e0335,693,NABISWA,ea66c6d9-38f5-5c7c-818f-d1e7e28c598c,59,MAKINDU PRIMARY SCHOOL
e7263999-68b6-5a23-b530-af25b7efd632,26,TRANS NZOIA,77f6d18d-c70c-51a2-802b-69e1123c4f29,140,CHERANGANY,5d899547-9dbd-5966-b5e0-8ddf1584d3d9,694,SINYERERE,a0f1b4b5-2b72-5751-aae7-4cc86c8b9241,1,ST.CHRISTOPHER PRIMARY SCHOOL
e7263999-68b6-5a23-b530-af25b7efd632,26,TRANS NZOIA,77f6d18d-c70c-51a2-802b-69e1123c4f29,140,CHERANGANY,5d899547-9dbd-5966-b5e0-8ddf1584d3d9,694,SINYERERE,02046700-a013-5fc6-87ff-6ba513d915e9,2,KIPSAINA PRIMARY SCHOOL
e7263999-68b6-5a23-b530-af25b7efd632,26,TRANS NZOIA,77f6d18d-c70c-51a2-802b-69e1123c4f29,140,CHERANGANY,5d899547-9dbd-5966-b5e0-8ddf1584d3d9,694,SINYERERE,59934c95-967c-554d-ae54-4e6070cfb2ec,3,SITATUNGA PRIMARY SCHOOL.
e7263999-68b6-5a23-b530-af25b7efd632,26,TRANS NZOIA,77f6d18d-c70c-51a2-802b-69e1123c4f29,140,CHERANGANY,5d899547-9dbd-5966-b5e0-8ddf1584d3d9,694,SINYERERE,c808641d-9153-5c71-a959-e6859e915281,4,KESOGON PRIMARY SCHOOL
e7263999-68b6-5a23-b530-af25b7efd632,26,TRANS NZOIA,77f6d18d-c70c-51a2-802b-69e1123c4f29,140,CHERANGANY,5d899547-9dbd-5966-b5e0-8ddf1584d3d9,694,SINYERERE,b88af43e-1140-5ad5-aca1-7975486d55ea,5,SAIWA PRIMARY SCHOOL
e7263999-68b6-5a23-b530-af25b7efd632,26,TRANS NZOIA,77f6d18d-c70c-51a2-802b-69e1123c4f29,140,CHERANGANY,5d899547-9dbd-5966-b5e0-8ddf1584d3d9,694,SINYERERE,7f5c1b32-b2d8-5d34-9e2a-3743c2935dc0,6,TUMAINI PRIMARY SCHOOL
e7263999-68b6-5a23-b530-af25b7efd632,26,TRANS NZOIA,77f6d18d-c70c-51a2-802b-69e1123c4f29,140,CHERANGANY,5d899547-9dbd-5966-b5e0-8ddf1584d3d9,694,SINYERERE,e0d7a3bd-204e-57bb-ac7c-7beeedf48100,7,EKEGORO PRIMARY SCHOOL
e7263999-68b6-5a23-b530-af25b7efd632,26,TRANS NZOIA,77f6d18d-c70c-51a2-802b-69e1123c4f29,140,CHERANGANY,5d899547-9dbd-5966-b5e0-8ddf1584d3d9,694,SINYERERE,5c621eca-acc2-57b3-bfe1-17ac39180f2c,8,MILIMA PRIMARY SCHOOL
e7263999-68b6-5a23-b530-af25b7efd632,26,TRANS NZOIA,77f6d18d-c70c-51a2-802b-69e1123c4f29,140,CHERANGANY,5d899547-9dbd-5966-b5e0-8ddf1584d3d9,694,SINYERERE,b539cfba-8c61-5364-b896-deaf84245950,9,WIYETA PRIMARY SCHOOL
e7263999-68b6-5a23-b530-af25b7efd632,26,TRANS NZOIA,77f6d18d-c70c-51a2-802b-69e1123c4f29,140,CHERANGANY,5d899547-9dbd-5966-b5e0-8ddf1584d3d9,694,SINYERERE,32911005-28b6-5b7c-a768-5e6620666eaf,10,BAHATI PRIMARY SCHOOL
e7263999-68b6-5a23-b530-af25b7efd632,26,TRANS NZOIA,77f6d18d-c70c-51a2-802b-69e1123c4f29,140,CHERANGANY,5d899547-9dbd-5966-b5e0-8ddf1584d3d9,694,SINYERERE,58d243c1-6778-507a-b4fb-cc4afa94544e,11,KABOLET PRIMARY SCHOOL
e7263999-68b6-5a23-b530-af25b7efd632,26,TRANS NZOIA,77f6d18d-c70c-51a2-802b-69e1123c4f29,140,CHERANGANY,5d899547-9dbd-5966-b5e0-8ddf1584d3d9,694,SINYERERE,cf2a5c21-e5ad-57c3-a021-68245318c8a4,12,MSEMWA CATTLE DIP
e7263999-68b6-5a23-b530-af25b7efd632,26,TRANS NZOIA,77f6d18d-c70c-51a2-802b-69e1123c4f29,140,CHERANGANY,5d899547-9dbd-5966-b5e0-8ddf1584d3d9,694,SINYERERE,c1114a3a-984e-521a-8a3e-972960e3938c,13,MUNYAKA PRIMARY SCHOOL
e7263999-68b6-5a23-b530-af25b7efd632,26,TRANS NZOIA,77f6d18d-c70c-51a2-802b-69e1123c4f29,140,CHERANGANY,5d899547-9dbd-5966-b5e0-8ddf1584d3d9,694,SINYERERE,ba64875b-69cc-513c-9d8c-3a8627e791be,108,MICHAI SECONDARY SCHOOL
e7263999-68b6-5a23-b530-af25b7efd632,26,TRANS NZOIA,77f6d18d-c70c-51a2-802b-69e1123c4f29,140,CHERANGANY,7adefd94-822f-58f9-b06b-15dfad31b7f9,695,MAKUTANO,94128f83-eada-5ea5-90b9-5581435fde0b,14,MAKUTANO PRIMARY SCHOOL.
e7263999-68b6-5a23-b530-af25b7efd632,26,TRANS NZOIA,77f6d18d-c70c-51a2-802b-69e1123c4f29,140,CHERANGANY,7adefd94-822f-58f9-b06b-15dfad31b7f9,695,MAKUTANO,58881080-2fcd-5923-b330-d2d033cc614c,15,BIRIBIRIET PRIMARY SCHOOL.
e7263999-68b6-5a23-b530-af25b7efd632,26,TRANS NZOIA,77f6d18d-c70c-51a2-802b-69e1123c4f29,140,CHERANGANY,7adefd94-822f-58f9-b06b-15dfad31b7f9,695,MAKUTANO,481f669b-7fed-5585-9bf4-5e7b02c6f99e,16,MWANGA PRIMARY SCHOOL
e7263999-68b6-5a23-b530-af25b7efd632,26,TRANS NZOIA,77f6d18d-c70c-51a2-802b-69e1123c4f29,140,CHERANGANY,7adefd94-822f-58f9-b06b-15dfad31b7f9,695,MAKUTANO,19749ab5-8033-58c6-b9aa-ee2dfbf43cc1,17,AMANI PRIMARY SCHOOL
e7263999-68b6-5a23-b530-af25b7efd632,26,TRANS NZOIA,77f6d18d-c70c-51a2-802b-69e1123c4f29,140,CHERANGANY,7adefd94-822f-58f9-b06b-15dfad31b7f9,695,MAKUTANO,647892e9-86e1-5bfa-9492-0b2a58cecb60,18,BARAKA PRIMARY SCHOOL
e7263999-68b6-5a23-b530-af25b7efd632,26,TRANS NZOIA,77f6d18d-c70c-51a2-802b-69e1123c4f29,140,CHERANGANY,7adefd94-822f-58f9-b06b-15dfad31b7f9,695,MAKUTANO,df2eb635-659f-54fe-8f09-c1b6d39a3133,19,KAPSARA PRIMARY SCHOOL
e7263999-68b6-5a23-b530-af25b7efd632,26,TRANS NZOIA,77f6d18d-c70c-51a2-802b-69e1123c4f29,140,CHERANGANY,7adefd94-822f-58f9-b06b-15dfad31b7f9,695,MAKUTANO,48da082e-0533-5da1-8701-42367a2af48a,20,KIRIITA PRIMARY SCHOOL
e7263999-68b6-5a23-b530-af25b7efd632,26,TRANS NZOIA,77f6d18d-c70c-51a2-802b-69e1123c4f29,140,CHERANGANY,7adefd94-822f-58f9-b06b-15dfad31b7f9,695,MAKUTANO,efb2c621-0e2b-5126-9731-23964c09e438,21,BWAKE PRIMARY SCHOOL
e7263999-68b6-5a23-b530-af25b7efd632,26,TRANS NZOIA,77f6d18d-c70c-51a2-802b-69e1123c4f29,140,CHERANGANY,7adefd94-822f-58f9-b06b-15dfad31b7f9,695,MAKUTANO,3675e3b8-4c0a-5ddb-a54c-4a0d31a4622f,22,BAHATI TEA BUYING CENTRE
e7263999-68b6-5a23-b530-af25b7efd632,26,TRANS NZOIA,77f6d18d-c70c-51a2-802b-69e1123c4f29,140,CHERANGANY,7adefd94-822f-58f9-b06b-15dfad31b7f9,695,MAKUTANO,77c7ba90-9571-517e-9255-cf26fbaf749e,109,KAPCHEMAKWER PRIMARY SCHOOL
e7263999-68b6-5a23-b530-af25b7efd632,26,TRANS NZOIA,77f6d18d-c70c-51a2-802b-69e1123c4f29,140,CHERANGANY,7adefd94-822f-58f9-b06b-15dfad31b7f9,695,MAKUTANO,72cf3afa-c418-5c62-9932-54b6fdfcc016,110,SPRINGER PRIMARY SCHOOL
e7263999-68b6-5a23-b530-af25b7efd632,26,TRANS NZOIA,77f6d18d-c70c-51a2-802b-69e1123c4f29,140,CHERANGANY,7adefd94-822f-58f9-b06b-15dfad31b7f9,695,MAKUTANO,7af6c381-d9cc-56da-a869-ff153a4e0632,111,KAPKONGORI PRIMARY SCHOOL
e7263999-68b6-5a23-b530-af25b7efd632,26,TRANS NZOIA,77f6d18d-c70c-51a2-802b-69e1123c4f29,140,CHERANGANY,d6478631-790b-5536-af12-65e5220fef87,696,KAPLAMAI,9490cdec-8aa4-5199-ad9e-3595051d220a,23,NYASALAND PRIMARY SCHOOL.
e7263999-68b6-5a23-b530-af25b7efd632,26,TRANS NZOIA,77f6d18d-c70c-51a2-802b-69e1123c4f29,140,CHERANGANY,d6478631-790b-5536-af12-65e5220fef87,696,KAPLAMAI,859266f6-b579-5a43-9ff2-2047be60b3f6,24,KAPLAMAI PRIMARY SCHOOL.
e7263999-68b6-5a23-b530-af25b7efd632,26,TRANS NZOIA,77f6d18d-c70c-51a2-802b-69e1123c4f29,140,CHERANGANY,d6478631-790b-5536-af12-65e5220fef87,696,KAPLAMAI,86ece542-e776-54c8-9067-271b02a562e6,25,KAPCHEPSIR PRIMARY SCHOOL.
e7263999-68b6-5a23-b530-af25b7efd632,26,TRANS NZOIA,77f6d18d-c70c-51a2-802b-69e1123c4f29,140,CHERANGANY,d6478631-790b-5536-af12-65e5220fef87,696,KAPLAMAI,86feb9a4-3b5c-5393-a3a7-807f4daf0c86,26,KARARA PRIMARY SCHOOL
e7263999-68b6-5a23-b530-af25b7efd632,26,TRANS NZOIA,77f6d18d-c70c-51a2-802b-69e1123c4f29,140,CHERANGANY,d6478631-790b-5536-af12-65e5220fef87,696,KAPLAMAI,c226e105-b3ff-5e8f-a9f1-64aaab610624,27,NYAKINYUA PRIMARY SCHOOL
e7263999-68b6-5a23-b530-af25b7efd632,26,TRANS NZOIA,77f6d18d-c70c-51a2-802b-69e1123c4f29,140,CHERANGANY,d6478631-790b-5536-af12-65e5220fef87,696,KAPLAMAI,1f4eb401-e8b2-5ad7-9c4e-81a89d7c58c7,28,NGONYEK PRIMARY SCHOOL
e7263999-68b6-5a23-b530-af25b7efd632,26,TRANS NZOIA,77f6d18d-c70c-51a2-802b-69e1123c4f29,140,CHERANGANY,d6478631-790b-5536-af12-65e5220fef87,696,KAPLAMAI,2e082c19-1774-5b17-9db8-b8bcaa346490,29,CHISARE PRIMARY SCHOOL
e7263999-68b6-5a23-b530-af25b7efd632,26,TRANS NZOIA,77f6d18d-c70c-51a2-802b-69e1123c4f29,140,CHERANGANY,d6478631-790b-5536-af12-65e5220fef87,696,KAPLAMAI,98b6926d-9b9a-56dd-af65-8b0c3f550024,30,YUYA PRIMARY SCHOOL
e7263999-68b6-5a23-b530-af25b7efd632,26,TRANS NZOIA,77f6d18d-c70c-51a2-802b-69e1123c4f29,140,CHERANGANY,d6478631-790b-5536-af12-65e5220fef87,696,KAPLAMAI,2492305a-8ae3-547e-9b6f-941fc111d741,31,MOSOMBOR PRIMARY SCHOOL
e7263999-68b6-5a23-b530-af25b7efd632,26,TRANS NZOIA,77f6d18d-c70c-51a2-802b-69e1123c4f29,140,CHERANGANY,d6478631-790b-5536-af12-65e5220fef87,696,KAPLAMAI,906c59c1-93f7-51d8-b804-a7bafd390987,32,BOTWA PRIMARY SCHOOL
e7263999-68b6-5a23-b530-af25b7efd632,26,TRANS NZOIA,77f6d18d-c70c-51a2-802b-69e1123c4f29,140,CHERANGANY,d6478631-790b-5536-af12-65e5220fef87,696,KAPLAMAI,79c9142f-431d-5c3d-b56a-3808cbc637ed,33,SIBANGA HEALTH CENTRE
e7263999-68b6-5a23-b530-af25b7efd632,26,TRANS NZOIA,77f6d18d-c70c-51a2-802b-69e1123c4f29,140,CHERANGANY,d6478631-790b-5536-af12-65e5220fef87,696,KAPLAMAI,138a7e5c-f995-5c98-a032-cf63ea2e58c4,34,TIMAA PRIMARY SCHOOL
e7263999-68b6-5a23-b530-af25b7efd632,26,TRANS NZOIA,77f6d18d-c70c-51a2-802b-69e1123c4f29,140,CHERANGANY,d6478631-790b-5536-af12-65e5220fef87,696,KAPLAMAI,a903c70f-ec60-5742-80a7-91fcf5b32b19,35,KIMOSON PRIMARY SCHOOL
e7263999-68b6-5a23-b530-af25b7efd632,26,TRANS NZOIA,77f6d18d-c70c-51a2-802b-69e1123c4f29,140,CHERANGANY,d6478631-790b-5536-af12-65e5220fef87,696,KAPLAMAI,f7c5d961-c962-585c-8d2f-9911edf5c3b4,36,BORORIET PRIMARY SCHOOL
e7263999-68b6-5a23-b530-af25b7efd632,26,TRANS NZOIA,77f6d18d-c70c-51a2-802b-69e1123c4f29,140,CHERANGANY,d6478631-790b-5536-af12-65e5220fef87,696,KAPLAMAI,f7eb5ada-be0e-5ba7-9ddb-a9a2de05ea81,37,BATA MUHIU PRIMARY SCHOOL
e7263999-68b6-5a23-b530-af25b7efd632,26,TRANS NZOIA,77f6d18d-c70c-51a2-802b-69e1123c4f29,140,CHERANGANY,d6478631-790b-5536-af12-65e5220fef87,696,KAPLAMAI,414b6beb-21e3-575d-a386-103b12893a3e,112,BOTWA SABWANI PRIMARY SCHOOL
e7263999-68b6-5a23-b530-af25b7efd632,26,TRANS NZOIA,77f6d18d-c70c-51a2-802b-69e1123c4f29,140,CHERANGANY,e596f02e-81e5-5e90-a626-d9aa1345b0c0,697,MOTOSIET,04dfb92a-d7fa-54f2-9aae-d0395101725e,38,CHERANGANY PRIMARY SCHOOL
e7263999-68b6-5a23-b530-af25b7efd632,26,TRANS NZOIA,77f6d18d-c70c-51a2-802b-69e1123c4f29,140,CHERANGANY,e596f02e-81e5-5e90-a626-d9aa1345b0c0,697,MOTOSIET,ec7ca042-cb67-5fd3-961a-4b104ebb35e8,39,MOTOSIET PRIMARY SCHOOL
e7263999-68b6-5a23-b530-af25b7efd632,26,TRANS NZOIA,77f6d18d-c70c-51a2-802b-69e1123c4f29,140,CHERANGANY,e596f02e-81e5-5e90-a626-d9aa1345b0c0,697,MOTOSIET,8896c13a-358e-5099-a30b-4b85c7817b73,40,SINOKO PRIMARY SCHOOL
e7263999-68b6-5a23-b530-af25b7efd632,26,TRANS NZOIA,77f6d18d-c70c-51a2-802b-69e1123c4f29,140,CHERANGANY,e596f02e-81e5-5e90-a626-d9aa1345b0c0,697,MOTOSIET,c83cfb42-b1b3-596f-8ba6-d7de81158179,41,NOIGAM PRIMARY SCHOOL
e7263999-68b6-5a23-b530-af25b7efd632,26,TRANS NZOIA,77f6d18d-c70c-51a2-802b-69e1123c4f29,140,CHERANGANY,e596f02e-81e5-5e90-a626-d9aa1345b0c0,697,MOTOSIET,5d74c563-fa58-5617-9581-f5b23c2574d6,42,TWIGA PRIMARY SCHOOL
e7263999-68b6-5a23-b530-af25b7efd632,26,TRANS NZOIA,77f6d18d-c70c-51a2-802b-69e1123c4f29,140,CHERANGANY,e596f02e-81e5-5e90-a626-d9aa1345b0c0,697,MOTOSIET,03365a4d-9f0a-5f86-9d69-8830b558422c,43,SOSIOT PRIMARY SCHOOL
e7263999-68b6-5a23-b530-af25b7efd632,26,TRANS NZOIA,77f6d18d-c70c-51a2-802b-69e1123c4f29,140,CHERANGANY,e596f02e-81e5-5e90-a626-d9aa1345b0c0,697,MOTOSIET,c06538ca-ca54-535e-b656-f2b6ec3e8203,44,TUNEN PRIMARY SCHOOL
e7263999-68b6-5a23-b530-af25b7efd632,26,TRANS NZOIA,77f6d18d-c70c-51a2-802b-69e1123c4f29,140,CHERANGANY,e596f02e-81e5-5e90-a626-d9aa1345b0c0,697,MOTOSIET,519c9da3-0d2b-5bde-89d9-16c8fff1843a,45,HUTUTU PRIMARY SCHOOL
e7263999-68b6-5a23-b530-af25b7efd632,26,TRANS NZOIA,77f6d18d-c70c-51a2-802b-69e1123c4f29,140,CHERANGANY,e596f02e-81e5-5e90-a626-d9aa1345b0c0,697,MOTOSIET,2a1b05f0-f9bb-579f-8e2e-50936066b56d,46,BARMALEL PRIMARY SCHOOL
e7263999-68b6-5a23-b530-af25b7efd632,26,TRANS NZOIA,77f6d18d-c70c-51a2-802b-69e1123c4f29,140,CHERANGANY,e596f02e-81e5-5e90-a626-d9aa1345b0c0,697,MOTOSIET,e3b3f49d-c60a-59c4-b01b-839312e25612,47,NZOIA CENTRE PRIMARY SCHOOL
e7263999-68b6-5a23-b530-af25b7efd632,26,TRANS NZOIA,77f6d18d-c70c-51a2-802b-69e1123c4f29,140,CHERANGANY,e596f02e-81e5-5e90-a626-d9aa1345b0c0,697,MOTOSIET,bde3b2b5-020c-5125-949e-30dd22097dc6,48,TULON PRIMARY SCHOOL
e7263999-68b6-5a23-b530-af25b7efd632,26,TRANS NZOIA,77f6d18d-c70c-51a2-802b-69e1123c4f29,140,CHERANGANY,e596f02e-81e5-5e90-a626-d9aa1345b0c0,697,MOTOSIET,0b6fdbd1-786a-5588-a993-a16a3ba1d389,49,MUHUTI CATTLE DIP
e7263999-68b6-5a23-b530-af25b7efd632,26,TRANS NZOIA,77f6d18d-c70c-51a2-802b-69e1123c4f29,140,CHERANGANY,e596f02e-81e5-5e90-a626-d9aa1345b0c0,697,MOTOSIET,59c44b2e-ee87-5b92-8a94-df6935757189,50,VELOS PRIMARY SCHOOL
e7263999-68b6-5a23-b530-af25b7efd632,26,TRANS NZOIA,77f6d18d-c70c-51a2-802b-69e1123c4f29,140,CHERANGANY,e596f02e-81e5-5e90-a626-d9aa1345b0c0,697,MOTOSIET,9ab9f63c-8f28-56de-85f9-d25470fb2b77,51,ST. MARYS' KIPSINGORI GIRLS SCHOOL
e7263999-68b6-5a23-b530-af25b7efd632,26,TRANS NZOIA,77f6d18d-c70c-51a2-802b-69e1123c4f29,140,CHERANGANY,e596f02e-81e5-5e90-a626-d9aa1345b0c0,697,MOTOSIET,c890f6d3-a0d9-55eb-9b86-775f747138d8,52,KONGOLI PRIMARY SCHOOL
e7263999-68b6-5a23-b530-af25b7efd632,26,TRANS NZOIA,77f6d18d-c70c-51a2-802b-69e1123c4f29,140,CHERANGANY,e596f02e-81e5-5e90-a626-d9aa1345b0c0,697,MOTOSIET,6715483b-5f73-58e7-b586-6d5f45840da7,53,MATEKET PRIMARY SCHOOL
e7263999-68b6-5a23-b530-af25b7efd632,26,TRANS NZOIA,77f6d18d-c70c-51a2-802b-69e1123c4f29,140,CHERANGANY,e596f02e-81e5-5e90-a626-d9aa1345b0c0,697,MOTOSIET,bc59b287-64a0-5f8b-b3ea-d9ee8eff100e,54,SURUNGAI PRIMARY SCHOOL
e7263999-68b6-5a23-b530-af25b7efd632,26,TRANS NZOIA,77f6d18d-c70c-51a2-802b-69e1123c4f29,140,CHERANGANY,e596f02e-81e5-5e90-a626-d9aa1345b0c0,697,MOTOSIET,8ff88b2f-3d81-5950-a803-3619042ae74f,55,KIBOINO PRIMARY SCHOOL
e7263999-68b6-5a23-b530-af25b7efd632,26,TRANS NZOIA,77f6d18d-c70c-51a2-802b-69e1123c4f29,140,CHERANGANY,e596f02e-81e5-5e90-a626-d9aa1345b0c0,697,MOTOSIET,e0f15be4-bbf0-501b-8a96-a4185b90e4f0,56,PERKERRA PRIMARY SCHOOL
e7263999-68b6-5a23-b530-af25b7efd632,26,TRANS NZOIA,77f6d18d-c70c-51a2-802b-69e1123c4f29,140,CHERANGANY,e596f02e-81e5-5e90-a626-d9aa1345b0c0,697,MOTOSIET,d2823050-cb04-5a08-89de-cde11518096f,57,MURGUIYWO PRIMARY SCHOOL
e7263999-68b6-5a23-b530-af25b7efd632,26,TRANS NZOIA,77f6d18d-c70c-51a2-802b-69e1123c4f29,140,CHERANGANY,e596f02e-81e5-5e90-a626-d9aa1345b0c0,697,MOTOSIET,1851c915-1a07-5343-af52-f904abf79ee3,113,BAHATI SINOKO PRIMARY SCHOOL
e7263999-68b6-5a23-b530-af25b7efd632,26,TRANS NZOIA,77f6d18d-c70c-51a2-802b-69e1123c4f29,140,CHERANGANY,b4df1341-5488-5a1c-ba58-97ac78e49556,698,CHERANGANY/SUWERWA,2c1fcc07-dee0-546e-b608-dbd03c39a326,58,BONDE PRIMARY SCHOOL.
e7263999-68b6-5a23-b530-af25b7efd632,26,TRANS NZOIA,77f6d18d-c70c-51a2-802b-69e1123c4f29,140,CHERANGANY,b4df1341-5488-5a1c-ba58-97ac78e49556,698,CHERANGANY/SUWERWA,13eb23e5-f38d-54f8-bf00-99ff5bfde7b6,59,SITAMANI PRIMARY SCHOOL.
e7263999-68b6-5a23-b530-af25b7efd632,26,TRANS NZOIA,77f6d18d-c70c-51a2-802b-69e1123c4f29,140,CHERANGANY,b4df1341-5488-5a1c-ba58-97ac78e49556,698,CHERANGANY/SUWERWA,7e34056e-35e9-5163-a2b0-9e425116d7c1,60,KAPKARWA PRIMARY SCHOOL.
e7263999-68b6-5a23-b530-af25b7efd632,26,TRANS NZOIA,77f6d18d-c70c-51a2-802b-69e1123c4f29,140,CHERANGANY,b4df1341-5488-5a1c-ba58-97ac78e49556,698,CHERANGANY/SUWERWA,582553e9-c911-5bce-bb9c-725b0a0bdf02,61,KOIBARAK PRIMARY SCHOOL.
e7263999-68b6-5a23-b530-af25b7efd632,26,TRANS NZOIA,77f6d18d-c70c-51a2-802b-69e1123c4f29,140,CHERANGANY,b4df1341-5488-5a1c-ba58-97ac78e49556,698,CHERANGANY/SUWERWA,f01cf9f6-daef-5934-b52d-fec9d5da37f1,62,KIPKEIKEI PRIMARY SCHOOL
e7263999-68b6-5a23-b530-af25b7efd632,26,TRANS NZOIA,77f6d18d-c70c-51a2-802b-69e1123c4f29,140,CHERANGANY,b4df1341-5488-5a1c-ba58-97ac78e49556,698,CHERANGANY/SUWERWA,760a89e6-6c66-5250-8b53-bb6e577a9445,63,SEUM PRIMARY SCHOOL
e7263999-68b6-5a23-b530-af25b7efd632,26,TRANS NZOIA,77f6d18d-c70c-51a2-802b-69e1123c4f29,140,CHERANGANY,b4df1341-5488-5a1c-ba58-97ac78e49556,698,CHERANGANY/SUWERWA,233f2e91-1f3e-5d51-8ca6-be5a4a0b37c0,64,CHEPKAITIT PRIMARY SCHOOL
e7263999-68b6-5a23-b530-af25b7efd632,26,TRANS NZOIA,77f6d18d-c70c-51a2-802b-69e1123c4f29,140,CHERANGANY,b4df1341-5488-5a1c-ba58-97ac78e49556,698,CHERANGANY/SUWERWA,c6fed3ba-9697-5e92-a256-8a4700caffb3,65,SIMOTWO PRIMARY SCHOOL
e7263999-68b6-5a23-b530-af25b7efd632,26,TRANS NZOIA,77f6d18d-c70c-51a2-802b-69e1123c4f29,140,CHERANGANY,b4df1341-5488-5a1c-ba58-97ac78e49556,698,CHERANGANY/SUWERWA,70a1beab-d4b2-5afe-b1e7-77d93dd31cfb,66,MITO MBILI PRIMARY SCHOOL
e7263999-68b6-5a23-b530-af25b7efd632,26,TRANS NZOIA,77f6d18d-c70c-51a2-802b-69e1123c4f29,140,CHERANGANY,b4df1341-5488-5a1c-ba58-97ac78e49556,698,CHERANGANY/SUWERWA,73e7cc59-e92a-51e0-9a1b-763c6f89a568,67,OSORONGAI PRIMARY SCHOOL
e7263999-68b6-5a23-b530-af25b7efd632,26,TRANS NZOIA,77f6d18d-c70c-51a2-802b-69e1123c4f29,140,CHERANGANY,b4df1341-5488-5a1c-ba58-97ac78e49556,698,CHERANGANY/SUWERWA,bf3d6a61-3d68-55c4-b672-c3e5bd1d710a,68,KAMATONY PRIMARY SCHOOL
e7263999-68b6-5a23-b530-af25b7efd632,26,TRANS NZOIA,77f6d18d-c70c-51a2-802b-69e1123c4f29,140,CHERANGANY,b4df1341-5488-5a1c-ba58-97ac78e49556,698,CHERANGANY/SUWERWA,ed4d6284-01cd-5641-8919-1b0d66020acc,69,LELTANGA'T PRIMARY SCHOOL
e7263999-68b6-5a23-b530-af25b7efd632,26,TRANS NZOIA,77f6d18d-c70c-51a2-802b-69e1123c4f29,140,CHERANGANY,b4df1341-5488-5a1c-ba58-97ac78e49556,698,CHERANGANY/SUWERWA,0131b084-76aa-5941-b181-1ac13e4b5386,70,BOKOLI PRIMARY SCHOOL
e7263999-68b6-5a23-b530-af25b7efd632,26,TRANS NZOIA,77f6d18d-c70c-51a2-802b-69e1123c4f29,140,CHERANGANY,b4df1341-5488-5a1c-ba58-97ac78e49556,698,CHERANGANY/SUWERWA,055461d6-853e-5f04-b158-88d23fa3a9b9,71,KIPTOI PRIMARY SCHOOL
e7263999-68b6-5a23-b530-af25b7efd632,26,TRANS NZOIA,77f6d18d-c70c-51a2-802b-69e1123c4f29,140,CHERANGANY,b4df1341-5488-5a1c-ba58-97ac78e49556,698,CHERANGANY/SUWERWA,a64da382-f09c-5b4b-ac14-b826796e1693,72,HURUMA NURSERY
e7263999-68b6-5a23-b530-af25b7efd632,26,TRANS NZOIA,77f6d18d-c70c-51a2-802b-69e1123c4f29,140,CHERANGANY,b4df1341-5488-5a1c-ba58-97ac78e49556,698,CHERANGANY/SUWERWA,fb3ea9ae-dbf5-57b2-a053-edb7c27d9423,73,SEUM CATTLE DIP
e7263999-68b6-5a23-b530-af25b7efd632,26,TRANS NZOIA,77f6d18d-c70c-51a2-802b-69e1123c4f29,140,CHERANGANY,b4df1341-5488-5a1c-ba58-97ac78e49556,698,CHERANGANY/SUWERWA,e26c58d4-edc1-5395-9f21-b508217919ce,74,KACHIBORA MARKET
e7263999-68b6-5a23-b530-af25b7efd632,26,TRANS NZOIA,77f6d18d-c70c-51a2-802b-69e1123c4f29,140,CHERANGANY,b4df1341-5488-5a1c-ba58-97ac78e49556,698,CHERANGANY/SUWERWA,8513c3ab-35db-5c09-82c9-7191c6e72535,75,CHEPTIRET PRIMARY SCHOOL
e7263999-68b6-5a23-b530-af25b7efd632,26,TRANS NZOIA,77f6d18d-c70c-51a2-802b-69e1123c4f29,140,CHERANGANY,b4df1341-5488-5a1c-ba58-97ac78e49556,698,CHERANGANY/SUWERWA,21bef582-950f-5ae8-a6e3-941abfa931fa,76,ST.VICTORIA SANGO PRIMARY SCHOOL
e7263999-68b6-5a23-b530-af25b7efd632,26,TRANS NZOIA,77f6d18d-c70c-51a2-802b-69e1123c4f29,140,CHERANGANY,b4df1341-5488-5a1c-ba58-97ac78e49556,698,CHERANGANY/SUWERWA,1550f574-6b15-5ed6-bf0a-5add5f6a068b,77,MWAITA PRIMARY SCHOOL
e7263999-68b6-5a23-b530-af25b7efd632,26,TRANS NZOIA,77f6d18d-c70c-51a2-802b-69e1123c4f29,140,CHERANGANY,b4df1341-5488-5a1c-ba58-97ac78e49556,698,CHERANGANY/SUWERWA,853851df-fb78-5b5f-a75d-56fa59b3f7d8,78,ST.PETERS' TUMAINI PRIMARY SCHOOL
e7263999-68b6-5a23-b530-af25b7efd632,26,TRANS NZOIA,77f6d18d-c70c-51a2-802b-69e1123c4f29,140,CHERANGANY,b4df1341-5488-5a1c-ba58-97ac78e49556,698,CHERANGANY/SUWERWA,d0e19c4a-0d93-5fff-9b30-5a3294f54be0,114,MWIRUTI PRIMARY SCHOOL
e7263999-68b6-5a23-b530-af25b7efd632,26,TRANS NZOIA,77f6d18d-c70c-51a2-802b-69e1123c4f29,140,CHERANGANY,b4df1341-5488-5a1c-ba58-97ac78e49556,698,CHERANGANY/SUWERWA,b24f935f-a76e-544c-a4f1-22e651e35ca9,115,TUGUMO PRIMARY SCHOOL
e7263999-68b6-5a23-b530-af25b7efd632,26,TRANS NZOIA,77f6d18d-c70c-51a2-802b-69e1123c4f29,140,CHERANGANY,e42bfec2-6905-5ceb-9929-82fce14fca38,699,CHEPSIRO/KIPTOROR,5c0a4dd2-b108-58e9-9156-d514054ca2fb,79,KAPSIROWA PRIMARY SCHOOL
e7263999-68b6-5a23-b530-af25b7efd632,26,TRANS NZOIA,77f6d18d-c70c-51a2-802b-69e1123c4f29,140,CHERANGANY,e42bfec2-6905-5ceb-9929-82fce14fca38,699,CHEPSIRO/KIPTOROR,29fd5cb8-6a5a-5703-ab28-3b5deffc91ce,80,TOP SUWERWA PRIMARY SCHOOL
e7263999-68b6-5a23-b530-af25b7efd632,26,TRANS NZOIA,77f6d18d-c70c-51a2-802b-69e1123c4f29,140,CHERANGANY,e42bfec2-6905-5ceb-9929-82fce14fca38,699,CHEPSIRO/KIPTOROR,b2478835-f9c4-564b-96c5-0eaea6044ae3,81,KIPTOROR PRIMARY SCHOOL
e7263999-68b6-5a23-b530-af25b7efd632,26,TRANS NZOIA,77f6d18d-c70c-51a2-802b-69e1123c4f29,140,CHERANGANY,e42bfec2-6905-5ceb-9929-82fce14fca38,699,CHEPSIRO/KIPTOROR,af9e5dc7-16b2-5487-8e73-28e9a47e418d,82,ST.MARY'S KIBUSWA PRIMARY SCHOOL
e7263999-68b6-5a23-b530-af25b7efd632,26,TRANS NZOIA,77f6d18d-c70c-51a2-802b-69e1123c4f29,140,CHERANGANY,e42bfec2-6905-5ceb-9929-82fce14fca38,699,CHEPSIRO/KIPTOROR,d24fe11e-4a2b-5ead-ba39-6a6f50edf22d,83,KIPTENDEN PRIMARY SCHOOL
e7263999-68b6-5a23-b530-af25b7efd632,26,TRANS NZOIA,77f6d18d-c70c-51a2-802b-69e1123c4f29,140,CHERANGANY,e42bfec2-6905-5ceb-9929-82fce14fca38,699,CHEPSIRO/KIPTOROR,da3ba8a0-9238-5717-a94f-a3a356bb8aef,84,TUIGOIN PRIMARY SCHOOL
e7263999-68b6-5a23-b530-af25b7efd632,26,TRANS NZOIA,77f6d18d-c70c-51a2-802b-69e1123c4f29,140,CHERANGANY,e42bfec2-6905-5ceb-9929-82fce14fca38,699,CHEPSIRO/KIPTOROR,c6c31ff2-6c69-598a-b419-3eed4759a630,85,KURIOT PRIMARY SCHOOL
e7263999-68b6-5a23-b530-af25b7efd632,26,TRANS NZOIA,77f6d18d-c70c-51a2-802b-69e1123c4f29,140,CHERANGANY,e42bfec2-6905-5ceb-9929-82fce14fca38,699,CHEPSIRO/KIPTOROR,60523800-95b0-5416-ba41-a65b77a6af3b,86,KAPSIGILAI PRIMARY SCHOOL
e7263999-68b6-5a23-b530-af25b7efd632,26,TRANS NZOIA,77f6d18d-c70c-51a2-802b-69e1123c4f29,140,CHERANGANY,e42bfec2-6905-5ceb-9929-82fce14fca38,699,CHEPSIRO/KIPTOROR,581ff807-5257-5881-bafe-06c76d04ad42,87,KAPYEMIT PRIMARY SCHOOL
e7263999-68b6-5a23-b530-af25b7efd632,26,TRANS NZOIA,77f6d18d-c70c-51a2-802b-69e1123c4f29,140,CHERANGANY,e42bfec2-6905-5ceb-9929-82fce14fca38,699,CHEPSIRO/KIPTOROR,c7ffffa3-5527-5caf-bc12-6a8190818e25,88,TARAKWA PRIMARY SCHOOL
e7263999-68b6-5a23-b530-af25b7efd632,26,TRANS NZOIA,77f6d18d-c70c-51a2-802b-69e1123c4f29,140,CHERANGANY,e42bfec2-6905-5ceb-9929-82fce14fca38,699,CHEPSIRO/KIPTOROR,bd96330f-a660-54d7-9ba2-5eb26f77866f,89,BENON PRIMARY SCHOOL
e7263999-68b6-5a23-b530-af25b7efd632,26,TRANS NZOIA,77f6d18d-c70c-51a2-802b-69e1123c4f29,140,CHERANGANY,e42bfec2-6905-5ceb-9929-82fce14fca38,699,CHEPSIRO/KIPTOROR,836b4f0c-f82e-57ba-81ab-de3c3248f492,90,RIWO PRIMARY SCHOOL
e7263999-68b6-5a23-b530-af25b7efd632,26,TRANS NZOIA,77f6d18d-c70c-51a2-802b-69e1123c4f29,140,CHERANGANY,e42bfec2-6905-5ceb-9929-82fce14fca38,699,CHEPSIRO/KIPTOROR,429048a2-c61d-53bb-b449-43c7fec466de,91,KONGASIS PRIMARY SCHOOL
e7263999-68b6-5a23-b530-af25b7efd632,26,TRANS NZOIA,77f6d18d-c70c-51a2-802b-69e1123c4f29,140,CHERANGANY,e42bfec2-6905-5ceb-9929-82fce14fca38,699,CHEPSIRO/KIPTOROR,2693cb38-c0e5-53e8-9cee-3c258b8529a3,92,KAPCHEPLANGET PRIMARY SCHOOL
e7263999-68b6-5a23-b530-af25b7efd632,26,TRANS NZOIA,77f6d18d-c70c-51a2-802b-69e1123c4f29,140,CHERANGANY,e42bfec2-6905-5ceb-9929-82fce14fca38,699,CHEPSIRO/KIPTOROR,303cb905-470a-516a-bbaa-c1906078811d,93,SETEK PRIMARY SCHOOL
e7263999-68b6-5a23-b530-af25b7efd632,26,TRANS NZOIA,77f6d18d-c70c-51a2-802b-69e1123c4f29,140,CHERANGANY,e42bfec2-6905-5ceb-9929-82fce14fca38,699,CHEPSIRO/KIPTOROR,fc7c3bc5-337b-57cf-be78-51db5325b3f5,94,UWANJA NDEGE NURSERY
e7263999-68b6-5a23-b530-af25b7efd632,26,TRANS NZOIA,77f6d18d-c70c-51a2-802b-69e1123c4f29,140,CHERANGANY,e42bfec2-6905-5ceb-9929-82fce14fca38,699,CHEPSIRO/KIPTOROR,e2cdfcf1-b11c-5c15-a613-6bbcb5750706,95,CHEPSIRO PRIMARY SCHOOL
e7263999-68b6-5a23-b530-af25b7efd632,26,TRANS NZOIA,77f6d18d-c70c-51a2-802b-69e1123c4f29,140,CHERANGANY,e42bfec2-6905-5ceb-9929-82fce14fca38,699,CHEPSIRO/KIPTOROR,8656aec5-546f-5d0f-a5ea-d4c63c16af0d,116,LOIMA PRIMARY SCHOOL
e7263999-68b6-5a23-b530-af25b7efd632,26,TRANS NZOIA,77f6d18d-c70c-51a2-802b-69e1123c4f29,140,CHERANGANY,e42bfec2-6905-5ceb-9929-82fce14fca38,699,CHEPSIRO/KIPTOROR,ebe809b1-2803-5d65-9460-ba0f1bd8a6df,117,KAMARAM CATTLE DIP
e7263999-68b6-5a23-b530-af25b7efd632,26,TRANS NZOIA,77f6d18d-c70c-51a2-802b-69e1123c4f29,140,CHERANGANY,d2a5562d-c61e-53be-9ce2-29ff13be4322,700,SITATUNGA,9173cf62-2db5-5ca2-aeaf-2619f0e02ea1,96,MUKUYU PRIMARY SCHOOL.
e7263999-68b6-5a23-b530-af25b7efd632,26,TRANS NZOIA,77f6d18d-c70c-51a2-802b-69e1123c4f29,140,CHERANGANY,d2a5562d-c61e-53be-9ce2-29ff13be4322,700,SITATUNGA,73c922e3-e7d0-50e3-bd22-7d1d73fab707,97,SINYERERI PRIMARY SCHOOL.
e7263999-68b6-5a23-b530-af25b7efd632,26,TRANS NZOIA,77f6d18d-c70c-51a2-802b-69e1123c4f29,140,CHERANGANY,d2a5562d-c61e-53be-9ce2-29ff13be4322,700,SITATUNGA,7b1c4a7d-bccd-5498-b913-dacfd853f580,98,CHEMATICH PRIMARY SCHOOL.
e7263999-68b6-5a23-b530-af25b7efd632,26,TRANS NZOIA,77f6d18d-c70c-51a2-802b-69e1123c4f29,140,CHERANGANY,d2a5562d-c61e-53be-9ce2-29ff13be4322,700,SITATUNGA,80a79761-3bcd-54ba-8820-c13fa532e0ae,99,CHEPARUS PRIMARY SCHOOL.
e7263999-68b6-5a23-b530-af25b7efd632,26,TRANS NZOIA,77f6d18d-c70c-51a2-802b-69e1123c4f29,140,CHERANGANY,d2a5562d-c61e-53be-9ce2-29ff13be4322,700,SITATUNGA,16169f99-41a1-5e70-a7f8-a7c6c8d310ce,100,KEMELOI PRIMARY SCHOOL
e7263999-68b6-5a23-b530-af25b7efd632,26,TRANS NZOIA,77f6d18d-c70c-51a2-802b-69e1123c4f29,140,CHERANGANY,d2a5562d-c61e-53be-9ce2-29ff13be4322,700,SITATUNGA,dd345755-b3b8-59a6-996c-c5826b3286fe,101,TAITO PRIMARY SCHOOL
e7263999-68b6-5a23-b530-af25b7efd632,26,TRANS NZOIA,77f6d18d-c70c-51a2-802b-69e1123c4f29,140,CHERANGANY,d2a5562d-c61e-53be-9ce2-29ff13be4322,700,SITATUNGA,63cd3967-4493-5c7b-8e4e-0b316437f2a2,102,SIBANGA PRIMARY SCHOOL
e7263999-68b6-5a23-b530-af25b7efd632,26,TRANS NZOIA,77f6d18d-c70c-51a2-802b-69e1123c4f29,140,CHERANGANY,d2a5562d-c61e-53be-9ce2-29ff13be4322,700,SITATUNGA,ab82a323-8e65-5628-966d-97c01a85b1b3,103,CHEPKOIYO PRIMARY SCHOOL
e7263999-68b6-5a23-b530-af25b7efd632,26,TRANS NZOIA,77f6d18d-c70c-51a2-802b-69e1123c4f29,140,CHERANGANY,d2a5562d-c61e-53be-9ce2-29ff13be4322,700,SITATUNGA,da78c47b-ec1e-5a63-9c82-788dcb535d06,104,MARURA PRIMARY SCHOOL
e7263999-68b6-5a23-b530-af25b7efd632,26,TRANS NZOIA,77f6d18d-c70c-51a2-802b-69e1123c4f29,140,CHERANGANY,d2a5562d-c61e-53be-9ce2-29ff13be4322,700,SITATUNGA,b8d556e5-904a-5ba5-9c13-292ee80467e4,105,SIBANGA MIXED SECONDARY SCHOOL
e7263999-68b6-5a23-b530-af25b7efd632,26,TRANS NZOIA,77f6d18d-c70c-51a2-802b-69e1123c4f29,140,CHERANGANY,d2a5562d-c61e-53be-9ce2-29ff13be4322,700,SITATUNGA,4c6231a6-7e25-5933-ad45-d9be9057f4ee,106,MOI UNIVERSITY KITALE CAMPUS
e7263999-68b6-5a23-b530-af25b7efd632,26,TRANS NZOIA,77f6d18d-c70c-51a2-802b-69e1123c4f29,140,CHERANGANY,d2a5562d-c61e-53be-9ce2-29ff13be4322,700,SITATUNGA,41a42a17-ae1e-50dd-b4da-d7679ab9facd,107,SIYOI CATTLE DIP
